,300.00,305.00,310.00,315.00,320.00,325.00,330.00,335.00,340.00,345.00,350.00,355.00,360.00,365.00,370.00,375.00,380.00,385.00,390.00,395.00,400.00,405.00,410.00,415.00,420.00,425.00,430.00,435.00,440.00,445.00,450.00,455.00,460.00,465.00,470.00,475.00,480.00,485.00,490.00,495.00,500.00,505.00,510.00,515.00,520.00,525.00,530.00,535.00,540.00,545.00,550.00,555.00,560.00,565.00,570.00,575.00,580.00,585.00,590.00,595.00,600.00,605.00,610.00,615.00,620.00,625.00,630.00,635.00,640.00,645.00,650.00,655.00,660.00,665.00,670.00,675.00,680.00,685.00,690.00,695.00,700.00,705.00,710.00,715.00,720.00,725.00,730.00,735.00,740.00,745.00,750.00,755.00,760.00,765.00,770.00,775.00,780.00,785.00,790.00,795.00,800.00,805.00,810.00,815.00,820.00,825.00,830.00,835.00,840.00,845.00,850.00,855.00,860.00,865.00,870.00,875.00,880.00,885.00,890.00,895.00,900.00,905.00,910.00,915.00,920.00,925.00,930.00,935.00,940.00,945.00,950.00,955.00,960.00,965.00,970.00,975.00,980.00,985.00,990.00,995.00,1000.00,1005.00,1010.00,1015.00,1020.00,1025.00,1030.00,1035.00,1040.00,1045.00,1050.00,1055.00,1060.00,1065.00,1070.00,1075.00,1080.00,1085.00,1090.00,1095.00,1100.00,1105.00,1110.00,1115.00,1120.00,1125.00,1130.00,1135.00,1140.00,1145.00,1150.00,1155.00,1160.00,1165.00,1170.00,1175.00,1180.00,1185.00,1190.00,1195.00,1200.00,1205.00,1210.00,1215.00,1220.00,1225.00,1230.00,1235.00,1240.00,1245.00,1250.00,1255.00,1260.00,1265.00,1270.00,1275.00,1280.00,1285.00,1290.00,1295.00,1300.00,1305.00,1310.00,1315.00,1320.00,1325.00,1330.00,1335.00,1340.00,1345.00,1350.00,1355.00,1360.00,1365.00,1370.00,1375.00,1380.00,1385.00,1390.00,1395.00,1400.00,1405.00,1410.00,1415.00,1420.00,1425.00,1430.00,1435.00,1440.00,1445.00,1450.00,1455.00,1460.00,1465.00,1470.00,1475.00,1480.00,1485.00,1490.00,1495.00,1500.00,1505.00,1510.00,1515.00,1520.00,1525.00,1530.00,1535.00,1540.00,1545.00,1550.00,1555.00,1560.00,1565.00,1570.00,1575.00,1580.00,1585.00,1590.00,1595.00,1600.00,1605.00,1610.00,1615.00,1620.00,1625.00,1630.00,1635.00,1640.00,1645.00,1650.00,1655.00,1660.00,1665.00,1670.00,1675.00,1680.00,1685.00,1690.00,1695.00,1700.00,1705.00,1710.00,1715.00,1720.00,1725.00,1730.00,1735.00,1740.00,1745.00,1750.00,1755.00,1760.00,1765.00,1770.00,1775.00,1780.00,1785.00,1790.00,1795.00,1800.00,1805.00,1810.00,1815.00,1820.00,1825.00,1830.00,1835.00,1840.00,1845.00,1850.00,1855.00,1860.00,1865.00,1870.00,1875.00,1880.00,1885.00,1890.00,1895.00,1900.00,1905.00,1910.00,1915.00,1920.00,1925.00,1930.00,1935.00,1940.00,1945.00,1950.00,1955.00,1960.00,1965.00,1970.00,1975.00,1980.00,1985.00,1990.00,1995.00,2000.00
2.00,45.71,46.99,44.08,41.04,41.93,44.28,45.67,48.35,50.02,52.64,58.04,52.87,46.36,43.02,42.83,43.26,42.89,43.70,48.10,59.20,60.73,53.44,51.33,50.50,49.42,48.58,48.58,46.12,43.63,43.43,44.95,49.24,53.31,62.03,54.11,49.06,46.89,46.20,46.75,47.33,46.29,44.80,45.60,47.90,48.53,49.62,51.83,51.90,54.98,63.00,59.70,57.38,54.87,56.44,55.85,53.08,47.75,45.75,44.75,45.63,45.82,46.79,47.13,48.88,50.41,57.44,63.49,61.21,58.45,55.79,52.75,63.92,62.40,54.44,50.76,49.71,47.74,48.75,47.77,49.30,48.88,50.68,48.88,50.19,49.04,57.34,59.81,60.15,66.58,61.16,55.35,50.26,49.38,47.23,49.32,49.57,52.76,51.53,55.00,55.88,57.47,63.05,59.15,54.68,51.92,52.02,51.79,51.92,50.61,51.68,48.56,50.42,54.61,62.11,62.15,60.06,51.41,49.77,50.57,50.69,47.58,48.43,49.64,49.14,53.60,53.76,55.00,58.54,59.28,54.74,55.00,59.60,60.27,58.23,52.96,52.60,55.72,53.35,53.58,48.99,51.64,52.80,49.75,52.89,55.13,57.14,59.47,55.80,58.29,59.17,60.37,61.85,60.56,62.37,62.41,60.58,55.26,55.20,53.85,51.77,55.60,56.49,63.15,64.69,71.71,59.09,57.06,52.51,53.08,50.90,49.48,47.81,47.73,48.11,49.28,51.75,51.41,56.28,55.81,57.51,57.95,65.91,63.27,61.91,60.15,77.47,67.32,60.52,58.63,73.37,67.78,71.45,62.35,56.75,54.42,55.98,54.35,52.97,54.46,55.41,57.80,61.03,54.58,55.54,62.51,70.59,56.71,54.71,59.41,54.05,53.07,54.68,53.91,55.20,52.91,59.10,61.49,62.63,60.10,63.41,59.84,55.75,54.31,53.73,51.45,51.08,56.05,58.45,61.02,55.45,58.95,66.60,60.70,55.63,52.93,53.83,54.47,52.29,51.34,53.56,54.47,56.43,55.14,56.73,56.45,57.86,60.36,59.45,58.08,58.27,56.67,52.46,51.63,55.21,55.64,51.28,51.58,54.22,58.45,62.61,67.18,68.12,66.51,67.39,83.50,69.11,64.54,64.09,65.01,65.77,63.93,62.67,57.36,55.78,61.10,58.77,59.04,58.17,52.93,55.38,58.66,58.06,60.73,68.18,70.62,64.49,63.42,63.73,59.62,57.21,56.35,54.60,57.16,59.59,61.43,63.04,58.69,63.98,59.11,54.85,53.36,50.95,51.03,52.45,52.39,53.47,52.27,54.10,55.96,57.50,60.78,60.00,62.95,64.33,63.52,60.00,57.93,59.10,60.50,62.37,68.44,66.47,63.49,58.49,56.13,61.72,77.32,64.75,62.47,68.71,63.14,63.80,65.21,67.54,66.62,60.73,57.76,57.05,57.05,60.56,60.53
4.00,42.74,41.43,40.80,42.47,42.25,44.02,50.03,57.08,70.35,51.99,48.61,46.09,43.77,43.05,41.61,40.90,42.24,44.22,45.16,48.31,50.90,52.10,53.54,54.56,53.87,50.57,45.99,44.42,43.88,43.61,43.69,44.67,47.15,47.97,47.17,46.09,44.80,44.30,43.98,43.68,44.46,45.86,46.93,47.99,49.56,50.72,51.63,53.84,57.42,61.43,69.91,57.96,54.47,51.73,49.03,46.66,45.21,43.84,42.74,42.40,42.65,43.22,44.31,46.03,48.65,51.69,55.72,56.51,54.11,54.16,56.27,58.54,57.56,52.94,49.82,47.66,46.25,45.94,45.76,45.77,45.93,46.23,46.84,47.50,48.31,49.41,51.27,53.75,55.52,53.73,51.24,48.96,47.45,46.90,47.00,47.82,49.03,51.42,54.31,57.37,58.13,56.10,54.25,52.13,50.51,49.02,47.60,46.81,46.28,45.98,46.40,47.69,49.92,54.06,57.94,53.63,49.66,47.06,45.79,45.15,44.90,45.42,46.03,46.86,47.99,49.08,49.88,50.61,50.94,51.53,52.40,53.16,54.16,53.68,53.20,52.31,51.87,50.56,49.74,49.21,49.07,49.65,49.47,51.74,52.79,55.71,58.16,59.27,58.63,57.45,57.08,56.31,54.03,55.83,54.99,54.55,54.16,53.28,52.36,52.36,51.73,52.44,52.63,56.69,55.45,54.93,52.09,49.35,48.37,46.13,45.29,44.84,44.76,45.11,46.14,46.76,48.07,51.96,52.47,54.30,56.73,58.95,61.82,69.59,69.66,63.35,59.93,59.82,57.30,57.11,60.70,58.73,57.89,55.02,52.57,51.72,49.91,50.25,50.67,51.85,53.57,59.77,60.17,57.44,60.94,63.01,54.56,52.33,52.09,50.78,50.08,50.24,51.13,51.94,51.12,53.53,54.73,54.77,56.85,54.45,53.53,54.02,52.16,50.56,49.66,48.85,50.17,51.29,52.81,52.19,55.07,55.29,53.81,52.27,51.21,50.25,48.97,48.44,49.83,49.75,50.74,51.96,52.52,53.21,55.01,55.19,58.64,59.07,58.48,57.37,53.92,50.93,49.29,50.31,50.04,50.56,51.93,51.50,53.57,57.40,59.71,63.54,65.21,61.70,61.26,62.25,62.39,61.57,60.98,63.61,66.35,64.51,60.43,57.35,56.31,55.25,52.46,51.07,51.53,51.96,51.89,53.25,56.13,56.73,60.51,61.68,56.91,55.47,54.78,53.65,53.53,53.63,53.84,55.41,57.15,58.58,55.83,54.46,51.43,49.95,48.34,48.20,48.27,47.67,47.59,49.21,50.14,49.91,50.99,52.19,52.71,55.00,55.74,56.09,56.12,54.39,56.93,60.14,62.78,66.56,72.80,69.07,63.83,60.98,57.90,61.14,65.75,66.11,66.56,66.42,70.57,63.10,64.26,63.96,60.36,57.16,56.59,55.66,55.73,55.36,55.21
6.00,45.31,42.47,44.00,50.02,47.95,44.02,42.80,42.66,46.82,52.95,46.06,42.87,42.79,45.23,47.28,47.01,47.49,44.70,42.80,43.64,47.28,54.97,63.05,51.77,49.64,50.53,48.74,47.19,49.73,52.23,46.45,43.67,42.88,42.62,43.05,44.60,46.59,47.48,47.01,47.84,52.69,58.73,52.44,51.46,53.69,57.87,60.33,56.95,52.75,50.71,50.68,52.03,53.25,50.47,46.44,44.61,44.99,46.68,47.04,46.15,45.72,45.79,46.18,46.42,46.01,45.90,46.96,49.02,52.08,57.20,53.37,48.65,46.94,47.29,49.28,51.57,51.91,51.65,51.67,51.48,51.49,52.13,52.96,52.91,51.88,51.10,50.78,49.90,48.31,47.36,47.72,49.47,52.36,55.02,54.17,52.37,52.19,53.37,54.73,56.89,62.19,61.39,55.40,52.35,50.75,49.75,48.67,47.82,47.91,49.03,50.03,48.97,47.14,46.01,45.65,45.88,46.71,47.80,48.22,47.65,47.08,46.96,46.95,46.74,46.71,47.28,48.42,49.99,51.81,53.39,54.13,54.78,56.35,58.83,60.32,59.59,58.84,58.98,59.70,60.49,61.26,60.77,58.39,56.44,55.79,56.79,59.52,64.39,67.80,65.09,62.84,60.31,57.53,55.52,54.16,53.13,52.35,52.09,52.65,53.85,54.57,53.60,51.84,50.31,49.19,48.55,48.25,48.14,48.04,47.98,48.08,48.51,48.70,48.47,48.03,47.68,47.66,48.27,49.60,51.58,54.00,56.13,57.60,57.88,57.45,57.19,57.62,58.82,59.33,56.88,54.06,52.23,51.38,51.32,51.83,52.74,53.46,54.90,55.13,54.82,55.20,56.07,57.28,58.45,58.06,57.17,56.24,55.73,56.03,56.28,56.33,55.57,55.55,55.01,54.10,54.21,54.03,53.74,53.76,53.22,52.60,52.25,52.14,52.00,52.15,52.17,51.90,51.08,50.56,49.63,49.57,49.12,49.04,49.27,49.97,49.89,50.27,50.28,50.47,50.00,50.01,50.65,51.39,53.44,56.76,58.95,66.11,63.54,58.26,56.70,54.91,54.90,53.97,54.34,53.48,53.07,52.16,51.11,51.42,52.33,53.49,55.79,57.48,57.87,56.77,58.55,58.68,61.96,66.10,68.16,64.21,59.96,58.12,57.74,56.63,54.90,53.78,52.54,53.15,52.62,52.26,52.26,52.41,51.49,52.01,52.35,51.90,51.77,53.12,53.14,53.55,53.50,52.53,52.33,51.53,51.29,50.57,50.35,49.28,49.58,49.20,50.07,49.99,49.57,49.25,49.56,50.32,49.27,49.38,50.26,50.64,53.31,54.34,56.07,58.63,58.10,61.00,62.07,63.09,60.72,60.74,62.16,63.39,72.22,69.58,64.97,64.22,63.07,62.73,64.28,64.98,64.15,64.02,62.11,62.78,62.73,62.66,61.80,61.54,59.45,58.75
8.00,42.81,48.41,59.23,48.38,46.06,40.64,39.77,40.36,40.41,40.98,42.46,42.70,44.57,46.24,50.39,59.17,46.62,45.18,44.57,43.85,46.08,47.96,46.65,44.23,43.33,42.16,42.16,45.52,50.57,56.49,54.03,46.96,43.62,43.30,44.26,45.84,49.17,54.18,64.46,52.73,47.44,46.12,45.13,44.37,45.32,47.84,52.21,57.23,53.76,49.91,47.51,47.33,47.07,46.07,45.27,45.57,46.24,47.37,51.06,59.01,54.80,49.94,46.82,44.89,44.20,44.28,44.75,46.58,49.97,50.65,48.74,47.25,46.41,46.75,48.02,50.13,53.94,58.56,59.28,57.10,55.53,54.81,55.12,56.05,56.15,54.49,51.92,49.80,48.71,48.46,48.91,50.64,55.12,67.49,58.16,52.05,49.00,47.63,47.57,47.99,48.41,49.15,49.62,49.58,49.59,49.59,49.99,51.53,54.19,55.32,51.69,47.90,45.25,43.62,42.98,43.29,44.43,46.35,49.16,52.76,54.47,52.24,50.06,48.99,48.68,48.99,50.17,52.15,54.05,55.34,56.78,58.15,58.27,56.54,53.98,52.09,51.21,51.24,52.07,53.48,54.70,54.33,52.75,51.25,50.35,50.12,50.50,51.45,52.90,54.92,57.53,60.45,62.11,60.29,57.33,55.35,54.61,54.98,56.33,58.32,58.72,55.54,52.08,49.61,48.07,47.25,47.01,47.33,48.29,50.13,53.37,59.48,64.77,55.89,51.53,49.27,48.26,48.12,48.70,49.78,51.01,51.80,51.87,51.60,51.52,52.05,53.43,55.54,56.86,55.21,52.69,50.94,50.19,50.46,51.90,55.03,61.60,66.53,57.39,53.24,51.00,49.78,49.25,49.23,49.58,50.22,51.34,53.13,55.84,59.81,64.06,63.03,60.16,58.85,58.91,60.04,61.41,61.26,59.19,57.00,55.41,54.67,54.74,55.82,58.20,60.94,58.50,54.10,50.97,48.97,47.78,47.27,47.36,48.08,49.45,51.55,54.06,55.50,54.49,52.76,51.64,51.41,51.93,53.02,53.81,53.38,51.80,50.28,49.28,49.05,49.61,51.18,54.28,60.61,68.72,57.73,53.41,51.28,50.31,50.30,50.94,52.08,53.40,54.63,55.67,56.99,58.93,61.03,60.07,56.69,54.06,52.32,51.39,51.17,51.58,52.61,54.25,56.61,58.62,57.99,55.11,52.57,50.83,49.69,49.14,49.23,49.81,50.73,52.17,53.58,54.04,53.20,51.48,49.88,48.77,47.94,47.69,47.85,48.64,49.90,52.02,55.22,58.32,59.25,56.02,53.41,52.22,51.15,51.20,51.81,52.90,55.49,57.77,60.08,59.42,57.10,55.21,54.16,54.17,54.35,55.30,56.87,59.35,62.95,67.69,70.47,70.07,72.20,73.40,80.66,77.02,66.23,63.25,59.92,59.61,59.06,59.10,60.05,61.50,66.59,72.94
10.00,43.39,55.40,50.27,45.39,42.76,44.73,43.00,41.08,39.01,38.52,39.35,43.29,48.20,52.11,55.41,53.87,52.17,49.83,47.02,42.92,40.56,40.29,40.54,41.55,41.63,41.26,42.53,44.66,47.93,47.38,48.65,51.95,56.46,54.31,52.90,52.23,53.08,57.34,49.70,45.08,43.34,43.41,44.28,44.35,44.08,45.49,48.52,51.31,53.30,52.31,50.40,46.72,44.44,43.25,43.74,45.86,48.76,50.71,52.48,58.71,62.24,52.14,48.41,46.93,46.47,46.16,45.97,45.72,45.46,45.43,46.17,48.33,52.31,55.79,57.07,59.35,57.29,52.67,49.89,48.28,47.38,47.56,48.61,50.22,52.44,56.36,66.81,61.90,57.34,57.66,61.89,68.46,67.65,66.51,59.16,52.88,49.05,46.94,45.81,45.14,44.68,44.56,45.01,45.89,46.81,47.74,49.34,52.75,59.48,56.22,51.19,48.90,47.72,46.96,46.49,46.47,46.94,47.99,50.11,54.32,62.40,59.96,55.42,53.33,51.82,50.59,49.93,49.90,50.36,50.99,50.87,49.57,48.17,47.46,47.46,47.98,48.84,49.92,51.40,53.38,55.50,56.27,55.10,53.25,51.47,50.16,49.51,49.58,50.34,51.58,52.96,54.15,55.31,56.56,57.54,58.14,59.25,61.76,65.26,63.55,59.78,57.19,55.29,53.70,52.36,51.34,50.67,50.47,50.97,52.34,54.80,58.41,60.88,58.40,54.93,52.28,50.33,48.98,48.19,47.90,48.04,48.39,48.78,49.17,49.72,50.55,51.41,51.79,51.60,51.43,51.65,52.26,53.16,54.52,56.87,61.22,65.96,60.21,55.48,52.39,50.24,48.81,48.10,48.04,48.57,49.67,51.35,53.67,56.47,58.48,58.00,56.27,54.75,53.86,53.62,53.96,54.85,55.97,56.49,55.80,54.69,54.15,54.49,55.89,58.62,62.93,64.54,59.75,55.83,53.17,51.42,50.44,50.24,50.82,52.20,54.33,56.97,59.09,58.45,55.82,53.25,51.31,49.92,48.89,48.04,47.33,46.83,46.61,46.74,47.25,48.21,49.80,52.28,56.37,64.53,67.39,58.28,54.30,52.08,50.86,50.39,50.55,51.30,52.56,54.16,55.57,55.78,54.61,53.02,51.60,50.52,49.76,49.29,49.19,49.53,50.46,52.15,54.84,58.77,61.69,58.78,55.38,53.09,51.62,50.73,50.38,50.52,51.13,52.00,52.70,52.72,52.01,50.99,50.04,49.38,49.06,49.15,49.71,50.80,52.55,55.17,59.15,64.75,64.16,59.54,56.63,55.00,54.12,53.79,53.83,54.02,54.20,54.22,54.03,53.77,53.59,53.63,53.94,54.57,55.57,57.00,58.91,61.40,64.54,67.76,68.12,65.70,63.12,61.35,59.82,58.62,57.72,57.06,56.44,55.97,55.68,55.72,56.00,56.76,57.99,59.93
12.00,44.34,42.45,43.72,44.64,44.09,46.11,51.16,45.63,45.03,44.25,44.91,47.04,50.80,52.22,46.57,45.39,51.21,54.31,47.73,44.06,40.96,39.63,39.94,40.91,42.11,45.23,47.47,44.63,43.60,44.43,44.51,45.47,48.71,52.51,50.68,47.92,46.28,44.92,43.84,44.18,45.54,45.39,45.68,46.09,44.29,42.49,41.69,42.21,43.62,45.15,46.70,46.80,45.22,45.05,46.32,48.10,50.72,56.88,58.94,55.72,57.24,59.60,60.28,57.44,52.36,49.42,47.11,45.18,44.75,46.19,49.35,55.24,69.97,55.93,51.48,50.04,50.78,51.53,49.87,48.43,47.83,47.41,47.04,47.02,47.24,46.94,46.34,46.50,47.85,50.19,53.44,56.29,55.00,53.31,53.00,53.46,53.98,52.04,48.74,46.61,45.55,44.94,44.83,45.32,46.27,47.86,50.43,52.96,52.87,51.08,49.68,49.32,50.26,53.30,60.64,62.44,55.87,53.64,53.29,54.49,57.90,65.50,59.70,53.77,50.60,48.49,47.14,46.64,46.74,46.76,46.45,46.14,46.00,46.23,47.14,48.96,51.81,55.98,60.81,60.72,58.91,59.33,62.51,72.78,68.16,59.84,56.15,54.27,53.30,52.94,52.95,53.12,53.22,53.25,53.46,54.29,56.01,58.94,63.14,63.11,58.00,54.31,52.13,51.06,50.84,51.23,52.07,53.41,55.39,58.04,61.36,64.75,66.32,64.89,61.41,57.32,53.82,51.21,49.42,48.35,47.91,48.02,48.56,49.39,50.17,50.42,50.03,49.45,49.22,49.60,50.87,53.45,58.27,68.45,62.07,56.70,54.53,53.87,53.89,54.06,53.95,53.57,53.22,53.41,54.45,56.57,59.95,64.18,67.06,66.08,62.99,59.07,55.39,52.47,50.35,48.97,48.16,47.84,47.89,48.26,48.98,50.11,51.78,53.91,55.75,55.86,54.77,53.99,54.11,55.21,57.49,61.13,64.69,62.50,59.13,57.22,56.61,57.08,57.90,57.01,54.06,51.03,48.74,47.19,46.28,45.94,46.12,46.79,47.93,49.42,50.94,52.02,52.53,53.01,54.11,56.49,60.99,64.12,58.21,54.14,51.94,50.94,50.79,51.21,51.74,51.74,51.03,50.08,49.34,48.99,49.03,49.36,49.85,50.38,50.95,51.63,52.46,53.46,54.50,55.38,56.20,57.11,57.96,58.21,57.36,55.89,54.41,53.22,52.34,51.74,51.38,51.28,51.51,52.11,53.13,54.62,56.70,59.45,63.20,68.19,72.11,69.46,65.44,61.79,58.52,55.81,53.65,52.01,50.85,50.14,49.86,49.98,50.51,51.49,52.94,54.84,57.05,59.03,59.80,59.38,58.85,58.87,59.77,61.86,66.14,79.15,69.77,62.50,58.85,56.73,55.54,55.00,54.97,55.42,56.21,57.19,58.11,58.85,59.38,59.92,60.65
14.00,42.12,41.09,41.90,42.81,47.69,49.22,46.71,49.48,53.68,50.61,45.36,43.73,44.75,44.36,45.02,46.71,46.08,47.07,46.81,45.98,48.24,47.51,45.74,44.96,47.61,50.53,47.54,45.40,44.28,45.28,47.22,49.97,53.59,60.38,52.16,47.47,44.32,42.41,42.81,45.20,48.28,49.76,47.24,45.75,44.20,41.71,40.53,40.31,40.58,41.47,41.92,42.68,44.73,48.55,54.51,56.28,55.92,56.77,55.10,50.87,49.23,50.31,54.27,61.22,58.01,52.81,50.55,50.53,51.41,52.30,51.82,50.07,49.39,48.22,45.94,44.67,44.41,45.29,47.41,49.69,50.79,49.11,46.92,45.35,44.20,43.41,43.28,44.18,46.25,49.85,55.81,70.43,60.24,52.94,49.72,48.68,49.35,51.18,53.13,53.22,51.83,50.83,49.82,49.09,49.52,50.66,50.79,49.21,47.56,46.90,47.24,48.19,49.63,51.56,53.54,53.95,52.55,51.00,50.17,50.51,52.49,56.28,57.59,53.85,50.88,49.00,47.68,46.64,45.91,45.62,45.86,46.73,48.32,50.52,53.05,55.60,56.87,54.68,51.87,50.13,49.52,49.84,50.87,52.44,54.35,56.50,58.49,59.40,59.46,59.57,59.81,59.62,58.68,57.24,56.13,55.73,56.10,56.61,55.95,54.12,52.15,50.40,48.93,47.85,47.26,47.20,47.73,49.03,51.34,55.18,62.10,77.57,63.80,60.16,59.08,59.16,59.42,58.52,56.45,54.32,52.82,52.03,51.80,51.79,51.53,50.93,50.38,50.34,50.93,52.28,54.58,58.55,65.97,61.92,55.92,52.94,51.62,51.37,51.98,53.50,56.48,62.77,72.54,59.71,55.07,52.58,51.21,50.65,50.83,51.77,53.47,55.52,55.97,53.62,50.81,48.62,47.12,46.25,45.97,46.28,47.19,48.64,50.35,51.61,51.66,50.80,49.86,49.30,49.25,49.82,51.15,53.53,57.15,60.51,59.10,56.49,55.03,54.53,54.56,54.58,53.95,52.52,50.87,49.61,48.97,49.02,49.77,51.18,52.97,54.07,53.32,51.63,50.28,49.66,49.84,50.91,53.07,56.86,63.33,62.83,56.80,53.42,51.41,50.16,49.34,48.79,48.42,48.24,48.29,48.65,49.36,50.45,51.94,53.64,54.81,54.54,53.36,52.23,51.59,51.57,52.16,53.39,55.47,58.92,65.65,73.68,61.99,57.44,55.06,53.89,53.52,53.81,54.63,55.83,56.97,57.33,56.65,55.60,54.84,54.65,55.17,56.60,59.01,61.35,59.89,56.27,53.41,51.48,50.29,49.73,49.73,50.28,51.40,53.11,55.33,57.42,57.91,56.74,55.35,54.41,54.05,54.25,55.00,56.32,58.18,60.52,62.67,63.03,61.58,59.95,58.72,58.02,57.89,58.33,59.52,61.70,65.39,70.07,67.61,63.06,60.14
16.00,60.34,65.54,52.63,51.61,51.44,51.73,49.72,47.18,47.25,46.34,45.53,43.54,42.46,43.59,46.83,47.53,43.95,42.47,42.80,44.11,45.37,49.46,57.18,54.78,48.88,47.00,47.69,50.99,51.80,50.26,51.19,47.82,45.79,46.43,49.31,49.87,47.56,47.29,48.52,49.07,49.02,49.84,48.40,45.70,44.78,45.25,44.51,42.84,41.89,41.48,41.95,43.20,46.29,52.63,64.16,58.90,52.26,49.85,50.07,51.02,50.86,51.44,53.82,57.37,63.50,66.14,59.14,52.06,47.12,44.43,43.30,43.03,43.19,43.66,44.42,44.53,44.04,44.01,45.23,47.79,49.71,49.63,48.08,46.17,44.93,44.96,46.17,47.56,48.38,48.83,48.82,48.73,49.46,50.48,49.87,48.49,47.25,46.56,46.97,48.73,51.77,56.47,66.38,63.01,55.31,51.34,48.89,47.62,47.28,47.64,48.69,50.58,53.42,56.54,57.96,56.21,53.39,51.18,49.86,49.18,48.99,49.40,50.54,51.98,52.80,52.88,52.13,50.50,49.25,49.18,50.40,52.81,55.89,55.50,52.10,49.67,48.40,47.93,48.04,48.58,49.24,49.83,50.50,51.32,52.20,52.89,53.16,53.19,53.35,53.95,55.22,56.96,58.37,58.98,60.27,62.37,59.96,55.44,52.13,49.84,48.32,47.50,47.30,47.46,47.77,48.25,49.14,50.68,53.08,56.70,62.20,66.51,62.29,59.07,56.79,54.97,53.78,53.43,53.89,55.05,56.53,57.44,57.02,55.90,55.03,54.84,55.54,57.25,59.90,60.92,58.49,55.81,54.13,53.35,53.15,53.28,53.43,53.68,54.47,56.43,60.40,64.43,58.17,53.15,50.12,48.36,47.45,47.17,47.35,47.84,48.52,49.25,49.95,50.55,50.81,50.45,49.62,48.81,48.34,48.28,48.52,48.86,48.95,48.71,48.33,48.12,48.20,48.56,49.16,50.04,51.40,53.48,56.67,61.84,67.34,62.02,57.62,54.93,53.19,52.15,51.73,51.92,52.80,54.53,57.39,61.81,64.10,59.32,55.40,52.89,51.28,50.28,49.73,49.47,49.46,49.73,50.38,51.66,53.95,57.94,63.59,59.28,54.21,51.29,49.64,48.86,48.74,49.13,49.92,51.01,52.35,53.94,55.80,57.51,57.75,56.13,54.18,52.79,52.07,51.98,52.44,53.41,54.86,56.91,59.74,63.90,70.76,90.08,76.21,72.13,68.78,64.43,60.42,57.24,54.83,53.08,51.88,51.17,50.90,51.07,51.68,52.71,54.11,55.71,57.08,57.58,57.00,55.88,54.75,53.83,53.14,52.66,52.31,52.08,51.97,51.98,52.10,52.35,52.71,53.13,53.54,53.95,54.35,54.73,55.17,55.65,56.18,56.78,57.48,58.35,59.42,60.75,62.32,64.20,66.36,69.20,73.74,75.83,68.85,63.85,60.57
18.00,41.99,41.84,42.81,47.20,61.11,50.79,47.89,53.35,56.74,64.39,64.81,55.85,52.26,51.59,48.36,46.58,47.29,45.87,44.85,46.04,47.84,47.72,47.52,47.59,48.42,50.71,54.92,56.43,52.15,46.33,44.10,43.21,42.36,41.44,41.67,42.85,44.65,49.42,66.77,53.22,49.24,47.36,47.51,47.82,47.56,49.63,53.74,53.16,49.47,48.02,49.33,51.59,50.68,50.87,52.49,52.74,50.84,49.45,49.21,51.84,58.23,54.64,51.44,51.60,53.29,56.01,54.18,49.32,46.20,44.10,42.92,42.52,42.30,42.57,43.77,45.46,46.69,46.52,45.64,45.50,46.08,46.99,48.03,48.96,50.51,52.45,50.80,47.27,44.73,43.39,43.05,43.24,43.56,44.31,45.94,47.66,47.70,46.83,46.31,46.57,47.92,50.41,53.88,59.49,60.04,54.70,52.37,52.08,53.53,56.72,61.80,68.65,64.68,60.88,60.17,62.56,70.43,61.40,54.75,50.92,48.73,47.85,48.11,49.38,51.69,54.94,58.63,63.05,63.93,58.17,54.03,51.15,49.17,47.92,47.07,46.54,46.57,47.44,49.20,51.57,53.64,54.49,54.91,56.05,57.96,59.48,57.89,54.50,51.66,49.86,48.95,48.72,49.00,49.89,51.62,54.37,56.05,53.54,50.56,48.60,47.48,47.04,47.29,48.30,50.26,53.39,57.25,57.47,54.74,53.15,53.04,54.31,56.74,58.11,55.92,52.97,50.83,49.48,48.86,48.93,49.72,51.27,53.73,57.19,61.40,64.37,63.16,59.80,56.68,54.22,52.35,51.11,50.53,50.74,51.89,54.10,57.56,62.66,68.71,65.81,61.03,57.80,55.36,53.22,51.38,49.92,48.90,48.17,47.60,47.10,46.68,46.43,46.43,46.79,47.58,48.90,50.83,53.29,54.93,53.66,51.20,49.25,48.06,47.53,47.55,48.09,49.15,50.72,52.68,54.43,54.94,54.36,53.94,54.46,56.37,60.14,63.60,59.45,55.51,53.08,51.77,51.39,51.89,53.35,55.77,58.07,57.31,54.86,52.98,51.95,51.64,51.83,52.11,51.95,51.20,50.29,49.72,49.68,50.31,51.67,53.83,56.53,57.89,56.51,54.77,53.81,53.75,54.53,56.05,58.11,59.96,60.31,59.24,58.03,57.24,56.96,57.10,57.45,57.78,58.00,58.20,58.48,58.83,59.14,59.33,59.18,58.46,57.18,55.63,54.11,52.81,51.78,50.98,50.47,50.26,50.38,50.80,51.40,51.99,52.33,52.34,52.17,52.14,52.50,53.44,55.33,58.94,66.04,63.72,56.94,53.17,50.92,49.60,48.97,48.94,49.45,50.46,51.87,53.47,54.82,55.45,55.50,55.51,55.93,56.86,58.13,59.15,59.10,58.16,57.17,56.64,56.75,57.51,58.98,61.26,64.66,69.69,77.69,79.85,74.30,70.45
20.00,41.75,40.87,40.20,41.94,43.23,45.60,48.23,49.11,50.18,49.05,47.59,45.55,45.05,48.97,59.31,55.40,50.81,50.32,54.68,59.62,62.67,67.44,58.65,58.31,53.23,50.55,49.09,48.21,47.99,46.26,44.32,44.11,44.11,43.39,42.19,42.38,45.02,49.57,54.17,57.46,52.63,49.29,47.58,48.05,51.37,54.10,53.71,54.57,52.94,49.20,46.43,44.77,44.02,44.59,45.78,47.28,49.78,52.81,54.27,54.31,54.93,52.76,50.49,49.94,51.69,56.83,56.24,51.32,49.46,49.49,49.09,47.37,46.44,46.18,46.01,47.06,49.17,49.62,47.14,45.20,44.95,45.65,47.18,50.72,60.07,54.38,48.16,45.35,43.72,42.75,42.33,42.34,42.52,42.89,43.71,45.01,46.80,48.94,50.16,49.96,49.75,50.54,52.51,54.76,56.21,56.60,56.42,56.22,55.38,53.64,51.89,50.91,50.91,51.39,51.71,52.00,53.38,57.31,69.20,62.39,55.98,53.04,51.70,51.76,53.19,55.90,60.27,62.57,55.63,50.90,48.20,46.73,46.12,46.23,47.02,48.34,49.97,51.69,53.04,53.57,53.33,52.48,51.51,51.12,51.73,53.65,58.08,69.73,58.40,52.37,49.31,47.75,47.32,47.64,48.22,48.43,48.21,47.84,47.47,47.31,47.59,48.40,49.72,51.69,55.25,63.53,62.04,54.54,51.26,49.79,49.52,50.17,51.43,52.66,53.08,52.69,51.73,50.56,49.45,48.70,48.41,48.58,49.13,49.93,50.85,51.80,52.66,53.31,53.55,53.43,53.25,53.24,53.59,54.40,55.97,58.97,66.13,70.60,58.71,54.01,51.44,50.02,49.44,49.68,50.76,52.41,53.38,52.48,50.61,48.89,47.62,46.81,46.45,46.47,46.93,47.97,49.85,53.04,58.15,59.76,54.91,51.85,50.36,49.98,50.49,51.73,53.58,55.72,56.59,54.82,52.36,50.54,49.53,49.26,49.66,50.60,51.83,53.02,53.72,53.90,54.00,54.30,55.08,56.48,58.53,60.46,60.44,58.90,57.64,57.07,57.09,57.24,56.81,55.50,53.79,52.22,50.96,50.10,49.59,49.47,49.72,50.40,51.59,53.40,55.91,59.41,64.41,70.90,68.44,63.85,60.85,58.93,57.81,57.54,58.26,60.35,64.76,76.83,70.24,63.39,60.55,59.47,59.53,60.55,62.19,62.54,59.57,55.89,52.95,50.82,49.36,48.47,48.06,48.11,48.61,49.60,51.13,53.11,55.03,55.62,54.64,53.41,52.68,52.69,53.58,55.63,59.58,67.90,63.51,56.85,53.36,51.34,50.25,49.86,50.03,50.71,51.76,53.01,54.09,54.70,54.86,54.98,55.34,56.13,57.46,59.21,60.97,61.85,61.24,59.90,58.80,58.23,58.32,59.21,61.11,64.41,69.88,70.90,66.01,63.17,61.75
22.00,43.97,45.30,44.39,40.73,41.19,44.24,55.16,58.06,53.69,49.87,46.66,44.45,43.72,43.59,43.50,44.17,45.30,44.85,44.99,47.00,50.93,51.69,49.92,48.61,48.55,48.64,48.99,49.23,48.15,49.16,52.61,52.15,51.70,53.55,54.95,52.49,49.37,47.17,46.72,47.83,49.42,50.80,51.88,51.79,52.36,53.87,54.59,51.68,47.91,45.41,43.97,43.89,44.36,44.16,44.76,46.52,49.62,54.58,55.48,50.34,48.88,50.70,52.05,49.97,47.77,45.45,43.96,43.76,44.53,45.95,48.58,52.76,59.41,59.45,53.50,50.60,49.76,49.93,50.22,49.30,48.07,48.25,49.99,52.95,52.80,49.84,47.86,46.90,46.74,46.65,45.96,45.28,45.21,45.24,45.03,45.46,47.20,50.41,55.34,57.12,52.98,50.69,49.62,48.81,48.40,48.58,49.07,49.29,49.16,48.87,48.62,48.57,48.85,49.39,49.99,50.42,50.58,50.81,51.69,53.64,57.30,62.96,61.93,58.34,57.61,60.15,65.12,59.31,54.36,51.42,49.62,48.81,48.92,49.78,51.48,53.50,52.84,50.28,48.62,47.99,47.85,47.65,47.14,46.64,46.54,46.95,47.71,48.93,50.91,53.24,53.51,51.55,49.58,48.01,46.64,45.53,44.82,44.64,45.03,46.01,47.64,50.13,54.07,61.17,64.86,57.79,54.48,52.74,51.69,50.78,49.87,49.09,48.71,48.86,49.58,50.81,52.48,53.83,53.40,51.42,49.43,48.07,47.47,47.68,48.73,50.64,53.46,57.25,61.93,65.87,67.25,69.61,81.35,70.48,63.32,60.09,58.13,56.13,53.76,51.53,49.79,48.62,48.05,48.08,48.78,50.21,52.33,54.40,54.88,53.74,52.40,51.40,50.77,50.49,50.54,50.92,51.65,52.70,53.94,55.25,56.63,58.07,59.59,60.89,60.76,58.86,56.31,54.05,52.29,51.03,50.16,49.52,48.94,48.37,47.89,47.65,47.77,48.24,49.12,50.46,52.43,55.38,59.98,67.53,67.29,62.84,61.33,61.76,63.95,68.39,70.63,65.25,61.75,59.81,58.46,56.93,55.13,53.36,51.90,50.89,50.38,50.38,50.89,51.85,53.14,54.48,55.53,56.06,56.23,56.41,56.84,57.65,58.98,61.09,64.39,67.66,65.11,60.91,57.97,56.15,55.15,54.89,55.42,56.77,58.85,60.72,59.83,56.92,54.23,52.23,50.86,50.07,49.83,50.10,50.89,52.17,53.84,55.72,57.27,57.85,57.52,56.84,56.32,56.05,55.95,55.95,56.01,56.22,56.65,57.24,57.69,57.42,56.23,54.58,53.04,51.88,51.17,50.92,51.08,51.52,52.03,52.24,51.94,51.27,50.60,50.24,50.33,50.97,52.21,54.15,56.90,60.51,64.13,64.79,63.29,61.99,61.13,60.44,59.60,58.62,57.69
24.00,45.47,50.49,49.68,47.27,45.58,45.02,45.55,44.10,42.64,45.22,46.32,48.56,45.77,40.64,39.46,40.00,41.23,44.37,46.79,47.50,50.06,55.56,62.08,63.48,58.60,56.22,56.49,59.94,55.08,51.69,49.08,49.46,50.48,50.51,49.31,48.49,47.98,47.66,47.21,46.43,46.50,47.38,48.72,52.17,56.20,53.31,52.06,52.25,52.31,52.97,53.70,51.84,49.72,48.32,47.65,47.80,48.25,48.94,49.20,49.09,48.51,48.73,49.86,48.43,44.88,42.67,41.90,42.09,42.92,44.08,45.03,46.77,50.39,55.78,61.65,55.97,52.15,51.46,53.51,59.49,57.50,52.71,49.59,47.12,45.78,45.71,46.69,48.38,50.81,54.18,57.26,55.91,53.20,51.54,50.66,50.35,50.74,52.39,55.30,56.81,53.85,50.81,49.56,49.97,51.47,53.46,54.59,53.75,52.27,51.39,51.46,51.91,51.65,51.19,51.26,51.52,50.98,49.92,49.51,50.22,51.86,53.74,54.56,53.62,52.31,51.37,50.58,49.90,49.83,50.83,53.29,57.60,61.48,57.15,52.71,49.86,47.99,46.73,45.87,45.39,45.21,45.24,45.32,45.18,44.76,44.26,43.96,44.03,44.61,45.91,48.18,51.39,52.63,49.86,47.37,45.96,45.39,45.47,46.22,47.81,50.48,54.71,62.37,60.61,54.24,51.41,50.57,51.15,52.59,53.41,52.19,50.23,48.89,48.45,48.86,50.01,51.82,54.42,56.72,55.47,52.60,50.61,49.72,49.81,50.70,52.19,53.71,54.44,54.29,54.02,54.17,54.89,55.92,56.47,55.73,54.08,52.36,51.10,50.38,50.10,50.04,50.13,50.28,50.32,50.15,49.93,49.97,50.44,51.37,52.76,54.81,57.86,62.56,66.72,61.48,56.75,53.79,52.06,51.35,51.59,52.82,55.25,59.09,61.42,58.00,54.65,52.42,51.03,50.30,50.16,50.51,50.97,51.02,50.39,49.48,48.77,48.49,48.78,49.71,51.44,54.27,58.82,64.82,61.35,57.00,54.78,53.90,54.01,54.95,56.72,59.21,62.25,65.42,67.85,68.60,66.99,64.14,61.64,59.97,59.08,58.92,59.54,60.89,62.40,62.51,60.80,58.84,57.43,56.79,56.88,57.67,58.74,59.04,57.93,56.31,55.11,54.49,54.36,54.46,54.37,53.92,53.23,52.43,51.62,50.81,50.05,49.48,49.22,49.34,49.91,50.92,52.44,54.48,56.99,59.37,59.92,58.75,57.64,57.41,58.24,60.11,61.86,60.22,56.83,54.15,52.43,51.55,51.46,52.22,54.12,57.91,67.27,64.83,56.55,52.73,50.59,49.45,49.00,49.04,49.35,49.65,49.65,49.27,48.73,48.30,48.15,48.40,49.11,50.38,52.34,55.21,59.59,66.50,66.39,61.12,58.42,57.19,56.85,57.07,57.61,58.16
26.00,49.31,48.82,53.20,50.65,42.14,39.23,38.60,40.01,41.38,41.26,43.43,46.57,45.55,45.37,44.13,43.42,44.57,47.29,52.29,50.41,50.04,51.01,49.09,50.63,50.11,46.66,44.71,43.76,43.49,44.59,46.00,44.85,44.78,46.00,48.70,51.83,53.62,57.57,68.22,60.56,54.65,52.21,51.78,51.70,51.87,53.10,52.66,50.16,49.58,50.68,52.62,53.86,53.14,50.63,47.70,46.09,45.29,45.17,46.03,48.27,49.89,47.73,46.16,45.40,44.74,44.74,45.38,45.99,46.23,46.51,47.11,47.80,48.80,51.01,54.38,59.21,71.43,69.23,65.89,76.03,59.88,51.89,48.17,46.38,45.91,46.36,47.49,49.45,52.07,54.66,56.63,56.44,54.63,53.04,51.01,48.98,48.04,48.22,49.41,51.67,54.41,56.09,57.03,57.34,54.57,51.89,50.90,51.11,52.03,53.72,56.11,58.59,59.50,57.67,55.52,54.21,53.79,53.87,53.95,54.16,55.28,57.89,61.16,57.86,52.90,49.72,48.10,47.70,48.25,49.75,52.88,59.94,62.72,53.77,49.63,47.49,46.62,46.41,46.14,45.59,45.10,44.89,44.99,45.02,44.64,44.00,43.47,43.20,43.20,43.62,44.62,46.15,47.74,48.68,48.94,49.22,50.05,51.62,53.65,55.53,56.06,54.57,52.45,50.86,49.97,49.69,49.92,50.63,51.74,52.93,53.62,53.50,52.78,51.92,51.42,51.47,52.02,53.01,54.61,56.94,58.87,56.76,52.89,49.92,48.02,47.01,46.70,46.92,47.59,48.69,50.35,52.75,56.08,60.21,61.90,58.08,54.21,51.60,50.09,49.50,49.73,50.78,52.47,54.20,54.26,52.53,50.81,49.78,49.53,49.99,51.08,52.79,55.21,58.34,60.77,59.43,56.83,55.11,54.38,54.66,56.08,58.82,62.79,63.17,59.02,55.90,54.08,53.15,52.91,53.20,53.83,54.60,55.31,55.81,55.99,55.91,55.92,56.40,57.57,59.27,60.43,59.68,58.12,56.86,56.02,55.55,55.38,55.53,56.00,56.66,57.40,58.08,58.72,59.36,59.79,59.67,58.75,57.19,55.58,54.17,53.12,52.53,52.51,53.17,54.65,57.19,61.28,66.66,65.41,61.24,58.36,56.16,54.34,52.85,51.79,51.19,51.11,51.55,52.35,53.14,53.21,52.19,50.60,49.04,47.81,46.98,46.53,46.48,46.86,47.71,49.17,51.42,54.86,60.63,73.03,64.70,59.78,57.99,57.76,58.71,60.39,60.71,58.29,55.54,53.53,52.29,51.79,52.01,53.00,54.98,58.49,64.55,64.45,58.28,54.60,52.32,50.84,49.89,49.28,48.92,48.75,48.77,48.96,49.33,49.85,50.45,51.09,51.80,52.64,53.75,55.28,57.21,59.20,60.32,59.90,58.88,58.22,58.22,58.90,60.27,62.40
28.00,47.73,48.41,48.98,46.70,44.42,42.16,40.52,40.51,42.37,42.45,42.73,42.11,42.59,46.16,59.29,53.61,47.05,45.34,46.14,46.07,43.99,44.55,49.63,54.98,59.73,50.63,45.48,42.68,42.25,42.37,43.38,45.37,46.17,48.13,50.64,46.57,44.13,44.24,45.29,46.51,48.60,51.92,56.93,60.92,54.34,51.65,50.90,51.08,51.42,51.70,52.29,51.63,50.91,50.90,50.00,48.63,47.72,47.45,47.81,48.17,48.54,48.07,45.97,44.54,45.03,47.41,51.66,57.95,58.28,54.63,52.78,50.25,48.70,48.44,48.67,49.21,50.71,53.76,57.75,59.74,59.28,57.53,55.39,54.99,56.11,57.40,58.35,58.77,58.68,57.83,56.08,53.69,51.10,49.03,47.78,46.95,46.33,46.29,47.20,49.30,53.59,58.05,51.17,47.07,45.07,44.16,44.05,44.77,46.23,48.57,51.85,55.39,59.32,66.73,66.63,61.70,61.88,62.26,56.83,53.14,51.58,51.43,52.63,55.50,57.95,55.37,52.89,52.14,53.00,55.23,58.28,60.73,58.15,53.98,51.30,49.81,48.95,48.53,48.32,47.99,47.40,46.73,46.17,45.86,45.80,45.80,45.61,45.20,44.73,44.25,43.85,43.75,44.17,45.29,47.28,50.40,55.66,70.89,58.63,52.46,49.53,47.95,47.20,47.17,47.94,49.43,50.95,51.49,51.23,51.25,52.22,54.58,58.49,59.71,56.03,53.39,52.07,51.79,52.58,54.96,59.82,58.85,52.58,48.79,46.62,45.54,45.31,45.79,46.95,48.80,51.28,54.06,56.12,56.34,55.17,53.84,52.78,51.96,51.26,50.73,50.64,51.12,52.18,53.54,54.78,55.38,54.84,53.71,52.78,52.45,52.73,53.61,55.06,57.20,59.99,63.11,65.48,66.06,64.71,62.42,60.47,59.26,58.79,58.96,59.49,60.13,60.95,62.31,64.34,65.89,65.46,65.06,66.77,73.73,69.83,61.27,56.62,53.69,51.81,50.67,50.13,50.14,50.71,51.92,53.96,57.13,61.61,64.04,60.89,58.10,56.48,55.67,55.34,55.33,55.40,55.17,54.28,52.86,51.26,49.84,48.76,48.08,47.85,48.14,48.99,50.55,53.07,57.27,65.57,65.52,58.09,54.57,52.66,51.61,51.12,50.98,51.02,51.15,51.33,51.51,51.47,50.95,50.04,49.09,48.33,47.93,47.93,48.31,49.09,50.31,52.07,54.61,58.46,65.06,82.51,67.06,62.45,60.14,58.64,57.50,56.55,55.86,55.56,55.62,56.03,56.66,57.10,56.91,56.12,55.16,54.50,54.45,55.13,56.64,58.61,59.07,56.79,54.14,52.22,51.11,50.72,51.02,52.02,53.60,55.33,56.06,55.10,53.63,52.53,52.02,52.10,52.75,53.94,55.70,58.08,61.11,64.67,68.72,74.84,87.63,71.06
30.00,50.40,47.34,43.53,42.06,43.23,48.52,57.26,47.34,45.10,46.78,43.73,43.60,46.88,51.81,58.39,49.06,44.69,42.52,42.11,43.32,44.30,45.32,45.07,42.92,42.26,43.58,45.35,47.12,46.92,45.81,45.07,47.28,51.09,48.08,44.69,44.03,43.64,42.57,42.40,43.25,44.47,46.52,49.30,50.93,52.39,53.54,51.05,49.76,51.51,57.60,64.68,56.70,54.45,55.12,55.61,55.81,57.16,57.01,54.39,51.24,49.23,48.62,48.64,48.85,49.54,51.05,53.31,56.06,57.56,55.64,53.24,51.68,49.80,48.41,48.32,49.03,50.27,52.79,57.98,69.73,56.71,51.68,49.83,49.49,49.87,50.61,51.77,53.65,55.73,56.64,56.99,56.83,54.07,51.34,50.09,49.49,48.55,47.54,47.05,47.36,48.09,47.94,46.54,44.98,44.17,44.16,44.53,45.19,46.35,47.92,49.78,52.15,54.92,58.15,63.19,70.65,61.62,56.38,53.11,50.47,48.40,47.16,46.56,46.45,46.99,48.55,51.75,57.93,87.79,58.10,52.55,49.81,48.60,48.40,49.10,50.62,52.17,52.31,51.80,51.77,51.84,51.10,49.85,48.99,48.94,49.57,50.13,49.83,48.63,47.06,45.70,45.03,45.24,46.44,48.91,53.44,64.26,61.06,53.41,49.94,48.02,47.10,47.02,47.64,48.77,50.21,51.53,52.02,51.81,51.85,52.74,54.84,58.78,63.89,59.91,55.41,53.10,52.14,52.08,52.50,52.96,52.90,52.25,51.31,50.26,49.33,48.72,48.54,48.71,48.88,48.72,48.30,47.80,47.27,46.74,46.33,46.30,46.80,47.89,49.48,51.20,52.31,52.35,51.90,51.72,52.15,53.48,55.96,59.75,63.57,62.91,60.28,58.19,56.62,55.49,54.73,54.28,54.00,53.74,53.40,52.97,52.60,52.40,52.47,52.90,53.70,54.83,56.22,57.73,59.19,60.28,60.64,59.80,57.90,55.55,53.31,51.45,50.05,49.16,48.84,49.05,49.79,51.08,53.01,55.84,60.19,68.35,73.02,64.33,60.95,59.32,58.32,57.53,56.72,55.81,54.85,53.88,52.93,52.03,51.18,50.43,49.83,49.40,49.20,49.34,49.90,51.03,52.85,55.26,57.13,56.61,54.91,53.63,53.05,52.99,53.12,52.95,52.33,51.49,50.70,50.17,49.98,50.11,50.57,51.43,52.75,54.67,57.35,60.37,61.39,59.73,58.11,57.51,58.10,60.02,63.84,68.15,63.69,59.05,56.24,54.70,54.21,54.70,56.36,59.72,65.87,64.21,57.91,54.32,52.28,51.24,51.03,51.59,53.03,55.60,60.00,68.11,66.59,60.84,58.28,57.26,56.99,56.84,56.17,54.87,53.36,52.04,51.06,50.49,50.34,50.68,51.57,53.13,55.60,59.47,66.82,79.03,64.70,60.56,58.52,57.41
32.00,58.60,50.22,46.69,46.00,45.46,45.68,49.25,53.25,51.67,51.71,56.11,56.51,49.40,47.17,46.69,49.27,49.73,46.32,43.72,43.54,45.68,42.46,40.05,39.98,39.58,39.67,40.91,44.17,49.55,54.97,54.21,49.40,48.20,45.64,44.62,45.66,47.63,47.79,47.23,47.63,48.89,49.99,51.03,51.08,49.78,48.54,48.87,51.27,54.00,58.43,71.19,60.20,51.43,48.07,46.89,46.07,46.30,48.09,51.83,57.60,58.05,51.50,48.06,47.74,49.99,54.04,57.38,57.31,56.31,56.21,56.68,56.70,55.74,54.33,53.29,52.67,51.51,50.62,50.83,51.18,50.75,49.38,47.96,47.33,47.21,47.28,47.56,47.94,48.58,49.70,51.02,52.06,53.57,57.18,59.68,56.32,52.87,49.42,46.75,44.95,43.79,43.41,44.00,45.45,47.33,49.11,50.26,49.96,48.95,48.48,48.95,50.39,52.40,54.74,59.14,80.13,60.05,54.60,52.53,51.36,49.75,47.89,46.37,45.49,45.53,46.76,49.59,55.60,76.94,55.44,50.47,47.87,46.49,46.14,46.66,47.79,49.31,51.05,52.52,53.38,54.15,55.18,56.24,57.02,57.17,57.18,57.77,57.74,56.00,54.16,53.07,52.40,51.91,51.69,51.88,52.15,51.92,51.16,50.51,50.24,50.31,50.70,51.45,52.11,52.03,51.53,51.46,52.22,53.63,54.95,55.27,55.00,55.19,56.44,58.38,58.74,56.28,53.63,51.39,49.64,48.54,48.29,49.08,51.26,55.61,60.62,54.87,50.27,47.59,45.98,45.05,44.53,44.23,44.06,44.02,44.16,44.51,45.16,46.22,47.79,49.81,51.61,52.17,51.74,51.29,51.31,51.99,53.56,56.42,61.25,66.38,61.86,57.81,55.52,54.36,54.02,54.25,54.88,55.70,56.44,56.85,56.80,56.38,55.87,55.46,55.22,55.18,55.28,55.35,55.16,54.64,53.95,53.30,52.83,52.59,52.60,52.80,53.17,53.71,54.42,55.37,56.45,57.45,58.28,59.15,60.54,63.04,67.27,72.27,70.47,67.99,68.11,71.44,73.17,65.73,60.83,57.89,56.31,55.84,56.37,57.70,58.65,57.34,54.67,52.34,50.73,49.80,49.44,49.55,50.07,50.92,52.01,53.28,54.58,55.68,56.09,55.63,54.56,53.24,52.11,51.41,51.28,51.82,53.17,55.49,59.07,62.27,59.67,56.01,53.56,52.12,51.48,51.56,52.41,54.12,56.78,60.23,62.17,60.37,58.26,57.19,57.16,58.25,60.72,64.84,65.54,60.73,57.18,54.94,53.62,53.01,52.93,53.32,54.19,55.65,57.93,61.42,65.36,62.77,58.18,54.97,52.84,51.47,50.70,50.39,50.43,50.65,50.89,51.06,51.24,51.54,52.13,53.16,54.67,56.59,58.28,58.46,57.07,55.54,54.50,54.08
34.00,49.75,45.33,44.64,45.56,50.74,55.73,49.85,47.40,47.79,51.20,47.92,44.37,43.14,42.64,41.84,42.78,46.25,52.24,52.83,46.28,42.88,41.78,41.51,41.39,42.32,42.31,43.01,44.17,46.98,54.74,62.43,49.17,45.94,47.03,51.41,54.12,57.08,59.45,50.29,47.56,47.01,48.16,51.88,54.82,54.09,50.62,49.42,52.19,61.97,57.99,57.44,58.17,53.15,48.55,46.19,45.25,44.59,44.15,43.70,43.55,43.74,44.25,45.17,46.35,47.84,50.39,54.65,60.68,64.87,58.97,55.62,55.29,54.64,52.87,51.63,50.80,49.91,48.65,47.42,46.59,46.39,47.25,49.27,51.20,51.75,51.26,50.15,49.10,48.60,48.76,49.21,49.74,50.94,53.74,59.92,70.68,58.70,53.39,49.58,46.84,45.40,45.17,46.08,48.55,53.46,61.20,57.10,52.01,49.34,48.23,47.98,48.39,49.59,51.36,52.77,53.12,52.79,52.27,51.50,51.10,51.53,51.80,51.28,50.83,50.65,50.42,50.38,50.75,51.02,50.43,49.46,48.81,48.49,48.24,47.97,47.73,47.74,48.32,49.51,50.81,51.54,51.99,53.04,55.28,59.19,65.37,73.64,76.32,70.87,62.35,56.00,51.54,48.50,46.55,45.44,45.04,45.22,45.90,47.01,48.70,51.39,55.97,62.07,58.78,54.89,53.06,52.71,53.58,55.27,55.84,54.28,52.59,51.74,51.88,53.14,55.61,57.60,55.22,51.98,49.82,48.72,48.59,49.43,51.54,55.84,65.98,57.71,51.34,48.04,46.15,45.10,44.55,44.34,44.41,44.80,45.48,46.32,47.15,47.85,48.48,49.16,50.05,51.14,52.35,53.60,54.83,56.04,57.36,59.32,62.91,70.36,71.78,65.17,62.76,62.35,63.13,64.26,63.91,62.18,60.61,59.79,59.74,60.51,61.94,63.96,66.33,66.69,63.73,60.41,57.66,55.63,54.23,53.45,53.27,53.83,55.35,58.60,66.43,70.06,59.15,54.92,52.71,51.63,51.42,52.02,53.57,56.49,61.80,67.98,61.77,57.91,56.21,55.71,55.83,56.07,56.02,55.55,55.04,54.95,55.62,57.46,61.43,69.12,62.51,56.32,52.73,50.45,49.05,48.37,48.32,48.88,50.03,51.71,53.75,55.64,56.68,56.79,56.47,56.23,56.22,56.58,57.40,58.70,60.04,60.01,58.01,55.57,53.59,52.21,51.34,50.91,50.83,51.02,51.47,52.14,53.02,54.06,55.27,56.86,59.21,62.94,68.09,65.99,61.31,58.55,57.20,56.82,57.34,58.83,60.98,62.11,60.63,58.59,57.44,57.50,59.08,63.25,71.28,62.11,56.34,53.08,51.16,50.14,49.81,50.07,50.76,51.66,52.37,52.41,51.72,50.78,50.00,49.58,49.58,49.98,50.74,51.72,52.77,53.69,54.49,55.40
36.00,38.81,39.33,40.43,42.89,45.41,51.83,59.54,52.17,46.52,44.66,45.98,47.25,47.08,45.70,45.99,44.59,44.46,47.10,53.21,52.23,45.42,45.07,48.31,50.33,51.68,53.52,48.01,46.17,46.59,48.76,50.42,52.52,53.77,58.93,67.88,55.00,50.67,48.52,45.80,43.47,42.61,42.21,41.88,42.62,44.01,46.74,53.52,57.82,55.32,53.76,50.44,48.30,48.23,50.13,50.51,48.83,46.22,43.46,41.79,41.03,40.91,41.57,43.82,47.78,50.83,51.33,53.18,58.35,61.53,55.62,52.64,51.01,50.78,51.25,51.88,53.43,55.84,57.38,56.43,54.20,52.49,51.60,51.76,53.39,56.57,61.49,63.86,60.16,56.54,53.85,52.66,53.01,53.98,54.17,54.73,56.76,57.99,57.36,57.17,58.01,60.96,67.06,64.04,60.12,58.97,56.71,53.80,51.92,50.28,48.59,47.38,46.80,46.79,46.91,46.67,46.43,46.75,47.62,48.57,49.15,49.72,51.21,55.13,69.86,56.73,49.97,46.70,45.08,44.54,44.79,45.59,46.89,48.92,51.29,51.85,50.62,49.49,48.85,48.77,49.18,49.87,50.60,51.38,52.36,53.64,55.33,57.12,57.59,55.79,53.24,50.91,48.94,47.33,46.08,45.28,45.00,45.30,46.21,47.77,50.07,53.57,59.43,68.29,61.92,58.27,56.50,55.06,53.80,52.93,52.46,52.09,51.61,51.08,50.73,50.79,51.39,52.26,52.86,52.92,53.13,53.85,54.75,54.93,54.27,53.58,53.34,53.46,53.46,52.77,51.55,50.32,49.47,49.21,49.51,50.29,51.32,52.20,52.29,51.54,50.67,50.34,50.81,52.22,54.77,58.88,65.59,66.97,61.74,59.25,58.62,59.28,61.06,63.42,63.93,61.08,57.88,55.41,53.65,52.40,51.58,51.09,50.88,50.93,51.28,52.00,53.20,55.02,57.49,60.10,61.26,60.65,59.93,59.87,60.77,63.12,68.54,68.59,60.55,55.85,52.86,50.94,49.82,49.38,49.50,50.13,51.19,52.63,54.32,55.64,55.60,54.20,52.50,51.06,50.05,49.46,49.28,49.54,50.23,51.34,52.82,54.65,56.81,59.75,64.87,77.43,64.46,58.32,54.95,52.97,51.95,51.64,51.90,52.58,53.49,54.37,55.08,55.53,55.90,56.37,56.95,57.40,57.26,56.44,55.36,54.43,53.77,53.45,53.46,53.78,54.25,54.48,54.09,53.16,52.14,51.43,51.25,51.68,52.84,54.96,58.60,66.08,73.08,61.50,57.45,55.58,55.04,55.69,57.68,61.77,71.46,66.78,59.96,56.77,55.22,54.73,55.09,56.11,57.46,58.28,57.76,56.40,55.06,54.08,53.45,53.09,52.87,52.66,52.21,51.40,50.33,49.24,48.36,47.79,47.61,47.86,48.55,49.70,51.42,53.83,57.21,62.14
38.00,38.93,40.22,42.91,45.04,46.41,46.51,51.30,72.34,60.07,57.84,59.04,52.58,53.00,55.84,68.24,57.54,49.05,46.40,45.46,44.80,46.39,51.16,52.81,53.12,52.47,49.96,47.42,45.18,43.78,43.86,45.63,48.66,54.54,51.80,50.16,48.55,45.68,44.55,45.04,44.54,42.65,41.10,40.52,40.91,42.41,45.69,51.49,52.41,48.71,48.44,47.23,45.59,45.09,45.67,48.33,50.83,49.36,47.28,45.82,45.00,45.19,46.53,48.05,50.01,52.09,51.38,50.65,51.23,52.21,53.72,53.96,52.68,52.73,53.28,52.06,50.54,50.01,49.41,48.46,48.18,48.88,50.97,53.91,54.10,53.08,52.86,53.24,54.63,57.40,62.37,70.47,67.05,59.97,55.73,52.95,51.27,50.50,49.81,48.86,48.25,48.18,48.36,48.55,48.79,49.49,50.84,52.40,53.51,52.90,50.68,48.57,46.91,45.62,44.89,44.71,44.91,45.29,45.86,46.80,48.10,49.43,51.22,55.16,67.78,58.84,51.66,48.01,45.85,44.74,44.53,45.13,46.39,48.09,50.07,52.27,54.14,54.47,53.22,51.71,50.96,51.25,52.36,53.55,53.98,53.83,53.64,53.65,53.71,53.59,53.41,53.39,53.65,54.16,54.43,54.12,53.51,53.08,53.23,54.04,54.98,55.44,55.87,57.32,60.44,63.19,59.71,55.45,52.62,51.17,50.83,51.28,51.95,52.14,51.50,50.47,49.57,49.24,49.66,51.10,53.99,60.02,72.15,57.66,52.64,50.04,48.70,48.32,48.78,50.11,52.31,55.38,59.46,65.28,68.13,62.23,58.38,56.14,54.80,54.04,53.85,54.20,55.28,57.32,60.41,62.82,61.08,58.31,56.42,55.44,55.37,56.36,58.51,61.37,61.69,58.86,56.26,54.59,53.57,52.99,52.66,52.41,52.17,51.97,51.86,51.87,52.04,52.33,52.77,53.34,54.05,54.99,56.26,57.93,59.52,59.67,58.08,56.15,54.70,53.84,53.40,53.10,52.65,51.95,51.10,50.23,49.49,49.05,49.06,49.53,50.32,50.90,50.69,49.80,48.84,48.17,47.99,48.34,49.26,50.75,52.65,54.40,55.14,54.81,54.35,54.36,55.08,56.74,59.90,66.07,71.08,62.75,58.70,56.67,55.73,55.53,55.77,56.25,56.64,56.59,55.89,54.70,53.39,52.24,51.46,51.16,51.44,52.34,53.98,56.51,59.96,61.74,58.97,55.90,53.88,52.78,52.47,52.92,54.11,56.04,58.49,60.25,59.96,58.73,57.85,57.77,58.62,60.66,64.70,73.12,69.37,62.57,58.67,55.97,53.88,52.26,51.08,50.38,50.20,50.63,51.83,54.07,57.95,63.87,61.75,56.68,53.73,51.98,50.96,50.38,50.01,49.71,49.42,49.17,49.07,49.25,49.86,51.06,53.04,56.03,59.60,59.77
40.00,53.17,49.00,47.29,45.49,45.36,45.82,48.41,58.92,49.88,42.33,41.41,43.30,43.74,44.89,48.04,50.84,58.35,53.32,46.55,43.97,44.04,45.82,48.52,49.98,48.65,49.72,49.41,47.10,45.92,46.04,48.87,53.77,54.10,49.98,46.72,45.28,45.23,44.86,44.73,45.96,46.01,45.30,45.07,44.45,44.46,43.82,43.62,44.92,45.80,44.59,44.48,45.45,45.81,45.46,45.11,45.66,46.33,47.87,51.50,59.24,59.78,50.76,47.38,46.82,48.09,48.99,48.04,47.50,48.60,50.96,54.17,57.86,54.10,50.80,48.52,46.56,45.21,44.38,43.86,43.81,44.46,45.70,47.60,50.35,52.02,51.25,50.37,50.06,50.14,50.69,52.57,56.82,65.67,67.58,58.48,53.52,50.63,49.10,48.41,48.32,48.58,49.03,49.50,49.86,50.30,51.36,53.18,54.67,55.30,55.22,53.19,50.54,48.50,47.37,47.13,47.35,47.55,47.71,48.24,49.52,51.89,54.37,53.74,51.73,50.59,50.46,51.13,52.04,52.05,51.12,50.34,50.04,49.86,49.89,50.70,52.59,55.54,59.02,61.21,60.20,58.95,58.80,58.96,58.65,57.84,57.18,57.13,57.82,58.73,58.71,57.75,56.64,55.63,54.64,53.48,52.28,51.13,50.24,49.73,49.62,49.98,51.01,52.93,55.98,59.31,59.04,56.57,54.71,53.45,52.77,52.68,53.09,53.51,53.25,52.25,51.23,50.75,51.24,52.96,56.48,63.36,66.52,58.65,54.56,52.10,50.57,49.67,49.28,49.28,49.55,49.91,50.23,50.44,50.57,50.70,50.97,51.47,52.17,52.73,52.65,52.00,51.32,51.11,51.44,52.26,53.41,54.70,55.91,56.84,57.69,58.93,60.89,63.05,63.73,63.01,62.56,63.01,64.39,66.77,70.01,73.65,74.88,71.27,66.44,62.14,58.72,56.20,54.56,53.75,53.69,54.28,55.51,57.15,58.42,57.94,56.20,54.61,53.74,53.82,55.01,57.51,60.20,58.03,54.02,51.16,49.31,48.18,47.62,47.51,47.78,48.29,48.90,49.43,49.81,50.15,50.56,51.06,51.68,52.28,52.69,52.66,52.15,51.36,50.57,49.99,49.78,50.02,50.77,52.08,54.00,56.47,59.29,62.07,64.54,66.75,67.93,65.70,61.81,58.59,56.25,54.63,53.50,52.80,52.49,52.62,53.25,54.53,56.65,59.88,64.17,66.14,63.31,60.67,58.74,57.11,55.62,54.34,53.38,52.76,52.51,52.72,53.52,55.08,57.81,62.82,71.94,64.78,59.78,57.59,56.88,57.12,57.67,57.12,55.05,52.68,50.84,49.66,49.18,49.40,50.38,52.30,55.65,61.91,68.90,59.75,55.36,53.10,52.00,51.68,51.95,52.59,53.19,53.23,52.62,51.74,51.02,50.64,50.58,50.70,50.83,50.79
42.00,55.61,46.93,44.23,44.13,44.40,44.45,43.69,45.68,44.51,43.64,41.47,41.13,42.53,43.83,44.02,45.27,45.21,46.75,48.01,50.10,56.49,52.37,51.27,54.09,60.42,56.86,57.22,56.72,50.72,46.32,43.76,42.53,42.51,44.82,45.69,44.83,45.19,46.76,46.99,46.42,48.54,56.23,54.54,47.13,42.96,41.26,40.85,41.45,42.78,43.50,44.01,45.36,47.05,47.35,45.68,44.51,45.17,46.76,48.82,50.29,49.33,47.77,46.61,45.75,45.90,47.11,48.14,48.56,49.05,50.22,52.82,54.78,52.95,50.47,49.44,48.98,48.20,47.94,48.61,49.46,49.55,48.93,48.38,48.76,50.21,51.68,52.10,51.26,50.31,50.11,50.70,51.72,52.90,53.72,53.63,53.59,53.37,52.61,53.12,56.11,63.71,68.58,60.27,57.67,57.13,57.58,58.20,58.37,58.39,58.68,59.84,61.30,63.42,63.77,59.79,56.90,55.48,54.59,53.69,53.19,52.68,50.92,48.54,46.84,46.00,45.90,46.53,48.06,50.86,56.12,70.83,61.55,56.23,54.28,53.59,53.74,54.71,56.41,58.86,61.87,62.99,62.47,62.66,63.60,64.04,63.30,61.53,58.83,55.98,53.68,52.04,50.91,50.12,49.46,48.87,48.35,47.97,47.79,47.98,48.59,49.55,50.60,51.56,52.42,53.30,54.30,55.69,57.83,60.17,59.73,57.50,56.07,55.65,56.02,57.11,58.83,60.79,61.01,59.14,57.07,55.62,54.84,54.67,55.07,55.97,57.23,58.45,58.64,57.22,55.09,53.11,51.65,50.72,50.21,50.02,50.03,50.04,49.89,49.49,48.85,48.19,47.73,47.65,48.12,49.23,51.03,53.52,56.48,58.07,56.42,54.21,52.94,52.70,53.33,54.68,56.43,57.61,57.25,55.90,54.56,53.62,53.20,53.43,54.49,56.58,60.19,66.83,75.70,67.65,64.98,65.64,70.31,85.43,66.48,61.00,58.14,56.55,55.94,56.10,57.08,59.16,62.63,64.29,59.99,56.07,53.45,51.59,50.21,49.20,48.58,48.45,48.88,49.94,51.72,54.23,56.76,56.92,54.76,52.73,51.43,50.78,50.54,50.48,50.48,50.48,50.51,50.65,50.94,51.41,52.05,52.84,53.67,54.49,55.20,55.70,55.76,55.22,54.21,53.15,52.37,52.04,52.25,53.07,54.56,56.83,60.00,63.51,64.72,63.36,62.29,62.54,64.78,69.32,65.91,59.57,55.53,52.92,51.29,50.46,50.37,51.00,52.43,54.93,59.24,66.23,62.49,57.28,54.56,53.21,52.80,53.05,53.69,54.43,54.81,54.64,54.08,53.52,53.14,53.01,53.12,53.52,54.28,55.49,57.16,58.73,59.24,58.48,57.48,56.97,57.04,57.33,56.84,55.02,52.64,50.48,48.79,47.59,46.88,46.61,46.75,47.26
44.00,47.15,52.69,47.18,44.99,43.28,42.01,40.59,38.56,38.82,41.42,47.09,44.83,44.45,43.93,43.15,42.48,41.75,40.67,41.45,44.34,48.36,51.88,55.62,59.31,57.09,57.63,58.82,55.00,49.84,45.75,42.89,42.03,42.10,41.93,43.27,45.62,46.97,47.58,49.67,51.15,53.47,62.31,57.26,49.38,45.96,44.46,43.47,42.46,42.47,44.45,46.48,46.88,47.63,48.67,50.15,51.53,53.25,58.12,67.37,62.45,59.04,56.89,52.80,49.30,47.54,47.90,50.14,51.08,49.87,49.39,49.30,49.78,51.53,54.05,56.75,60.07,59.84,56.25,54.13,53.87,56.17,61.62,60.97,54.92,52.52,52.91,54.48,55.49,55.00,52.86,50.01,48.11,47.36,47.13,47.00,47.05,47.72,49.38,52.06,54.67,54.47,52.26,50.45,49.59,49.73,51.35,55.27,62.15,63.25,57.91,54.02,51.89,51.14,51.47,52.77,54.60,56.00,55.99,54.47,52.24,50.18,48.84,48.13,47.71,47.42,47.33,47.49,47.94,48.82,50.37,52.82,56.29,60.59,65.14,67.30,65.06,62.88,61.69,60.60,59.26,58.05,57.33,57.11,56.76,55.48,53.28,51.05,49.46,48.68,48.59,48.95,49.59,50.50,51.67,52.78,53.34,53.19,52.71,52.24,51.85,51.50,51.20,51.01,51.14,51.81,53.13,55.14,58.04,62.29,70.19,74.93,66.76,64.65,65.73,69.21,66.14,60.28,56.56,54.39,53.29,52.85,52.73,52.63,52.38,51.92,51.46,51.20,51.28,51.84,52.96,54.73,57.00,58.29,56.85,54.36,52.14,50.38,49.09,48.31,48.01,48.03,48.18,48.40,48.79,49.48,50.59,51.99,53.11,53.32,52.63,51.82,51.56,52.17,53.91,56.97,60.60,59.77,56.13,53.45,51.76,50.73,50.20,50.03,50.17,50.57,51.24,52.27,53.86,56.03,58.25,58.72,56.96,54.82,53.21,52.27,52.02,52.56,54.00,56.39,59.19,59.94,58.32,56.98,56.80,57.89,60.22,62.55,60.96,57.57,55.16,53.88,53.64,54.52,56.69,60.39,63.06,59.47,55.87,53.62,52.37,51.87,52.01,52.71,53.88,55.36,56.56,56.72,55.87,54.78,53.90,53.28,52.76,52.19,51.56,50.94,50.41,49.98,49.71,49.66,49.86,50.38,51.29,52.74,55.05,58.77,65.62,74.70,64.44,60.88,59.88,60.67,63.37,68.27,66.52,60.78,57.10,54.75,53.32,52.68,52.66,53.16,54.00,54.77,55.02,54.67,54.05,53.45,53.00,52.63,52.22,51.83,51.56,51.58,52.11,53.42,55.90,60.42,64.78,59.23,54.93,52.53,51.33,51.06,51.57,52.95,55.38,59.50,67.71,68.71,60.77,57.01,54.68,52.90,51.28,49.76,48.44,47.42,46.75,46.53,46.76,47.47
46.00,45.27,46.79,56.68,48.74,44.54,42.66,41.13,40.30,40.97,42.35,44.68,54.14,47.08,45.30,44.67,43.59,44.12,45.66,48.27,51.50,53.42,51.94,48.84,48.95,52.90,52.13,54.02,62.03,60.90,56.01,56.09,54.81,50.06,46.72,45.72,47.21,49.75,51.02,51.66,59.06,59.46,52.18,50.63,50.31,53.92,63.81,55.29,50.77,48.96,48.95,50.57,51.13,51.01,53.08,58.73,56.42,51.05,48.83,47.43,47.54,49.87,55.33,66.43,58.34,52.27,49.83,49.50,49.90,49.50,48.50,48.71,50.66,55.06,64.62,56.03,50.56,47.11,45.15,44.74,45.32,46.14,47.40,49.70,54.15,64.76,60.75,57.11,57.96,60.37,56.06,51.78,49.18,47.52,46.76,46.87,47.61,48.98,51.82,56.44,58.30,55.62,53.15,51.00,49.17,47.93,47.25,47.45,48.64,50.04,50.46,49.93,49.10,48.61,48.47,48.52,49.09,50.39,52.31,54.62,56.79,56.73,54.60,53.08,52.78,53.61,55.23,56.95,56.94,54.86,52.65,51.24,50.83,51.36,52.47,53.87,55.42,57.53,60.38,64.22,68.54,63.39,58.25,55.33,53.61,52.26,51.02,49.98,49.36,49.23,49.66,50.75,52.60,55.43,60.21,72.87,64.88,57.65,54.15,52.27,51.44,51.44,52.09,53.19,54.60,56.42,58.75,61.53,64.10,65.56,65.01,63.25,61.60,60.44,59.32,58.02,56.93,56.35,56.46,57.36,59.40,62.80,63.91,59.67,55.78,52.98,50.96,49.44,48.36,47.74,47.72,48.49,50.25,53.43,59.00,63.94,57.72,53.81,51.80,50.92,50.81,51.15,51.47,51.15,50.22,49.31,48.78,48.71,49.06,49.78,51.05,52.90,55.06,56.73,57.24,56.90,56.17,55.38,54.57,53.82,53.15,52.59,52.06,51.42,50.69,50.10,49.97,50.52,51.92,54.44,57.96,59.04,55.82,52.97,51.23,50.41,50.37,51.05,52.46,54.61,56.85,57.09,55.10,53.20,52.14,51.91,52.40,53.51,55.18,57.46,60.55,64.39,66.18,63.83,61.44,59.98,59.22,58.95,58.97,59.04,59.10,59.33,60.13,62.02,65.11,66.01,62.23,59.00,57.11,56.32,56.44,57.36,58.67,58.88,56.93,54.47,52.54,51.30,50.70,50.70,51.29,52.45,54.22,56.69,60.15,65.70,79.21,70.90,64.98,62.49,61.46,61.03,60.61,59.91,59.23,59.06,59.70,61.23,62.36,60.19,56.72,53.92,51.90,50.53,49.75,49.51,49.80,50.57,51.63,52.59,52.88,52.45,51.88,51.70,52.16,53.54,56.30,61.95,76.54,61.09,55.74,53.01,51.55,50.97,51.15,52.12,54.09,57.63,65.13,71.12,59.97,55.74,53.49,52.25,51.64,51.34,51.18,51.00,50.78,50.58,50.55,50.81
48.00,66.04,49.82,47.16,50.40,49.88,48.30,46.79,53.41,52.48,46.85,45.33,48.12,53.26,51.08,50.89,54.63,58.60,49.28,44.46,44.70,46.74,50.69,57.94,51.88,50.49,53.58,53.00,50.96,46.81,44.23,43.80,45.67,49.06,52.44,65.09,57.71,55.48,59.04,65.69,60.35,55.00,50.28,47.48,47.17,48.19,49.46,50.66,50.20,49.08,49.40,51.99,55.49,56.18,54.76,51.44,48.80,46.20,44.88,45.09,46.52,48.70,51.13,54.94,58.82,54.22,49.68,48.08,48.66,49.65,50.35,51.01,51.32,51.06,50.02,47.58,45.27,44.33,44.34,44.48,44.50,44.31,44.15,44.49,45.61,48.39,53.54,58.02,57.42,55.72,54.34,54.15,54.62,54.16,53.74,54.81,58.92,62.45,56.22,53.44,52.40,52.31,53.40,54.96,53.57,49.95,47.02,45.35,44.86,45.14,45.72,46.63,48.09,49.48,49.80,49.33,49.11,49.75,51.28,52.90,52.69,51.19,50.26,49.95,49.81,50.04,51.10,53.34,57.45,66.46,62.26,55.79,52.84,51.53,51.13,51.08,51.19,51.66,52.78,54.73,57.63,61.72,63.57,59.49,56.11,54.23,53.58,53.97,55.42,57.84,61.01,65.09,68.25,64.28,59.96,56.92,54.54,52.68,51.39,50.68,50.47,50.73,51.27,51.91,52.48,53.20,54.47,56.73,60.45,67.05,69.09,60.93,56.62,54.26,53.27,53.50,55.05,58.54,64.42,60.96,55.90,53.18,51.63,50.76,50.36,50.35,50.52,50.53,50.08,49.40,48.90,48.81,49.26,50.36,52.18,54.65,57.34,59.72,61.34,61.14,58.79,56.18,53.88,51.84,50.05,48.62,47.76,47.54,48.02,49.30,51.48,54.19,54.50,51.81,49.42,48.04,47.56,47.74,48.50,49.81,51.64,53.80,55.51,55.55,54.44,53.45,53.04,53.30,54.21,55.68,57.28,57.57,56.03,54.26,53.18,52.91,53.16,53.54,53.65,53.35,52.87,52.45,52.19,51.96,51.63,51.24,50.87,50.68,50.73,51.08,51.72,52.63,53.77,54.96,56.04,57.10,58.60,60.99,65.12,71.91,67.77,62.12,58.92,57.04,55.91,55.18,54.67,54.27,53.83,53.39,53.04,52.97,53.35,54.28,55.70,57.05,57.51,57.19,56.91,57.32,58.82,61.96,68.31,72.89,64.66,61.14,60.01,60.55,62.75,65.92,64.50,60.44,57.57,55.89,55.20,55.48,56.92,60.40,70.41,66.33,57.66,53.56,51.16,49.76,49.06,48.94,49.28,50.01,51.01,52.07,53.03,53.80,54.48,55.29,56.33,57.45,58.34,58.82,59.10,59.36,59.31,58.48,56.97,55.50,54.46,54.05,54.31,55.20,56.50,57.54,57.32,55.97,54.56,53.72,53.65,54.55,56.65,60.02,61.07,56.98,53.38,51.05
50.00,44.24,52.28,48.15,43.57,44.42,44.43,46.23,49.66,50.73,48.96,46.24,45.87,52.40,79.36,55.32,48.40,43.52,41.84,41.46,40.79,40.92,42.60,46.86,57.67,51.08,49.61,45.92,43.10,42.16,42.10,42.56,42.07,42.20,43.74,46.06,50.83,58.95,66.06,58.79,52.42,50.29,50.31,50.76,51.66,51.58,49.51,47.61,46.79,46.35,45.79,46.31,47.32,46.25,44.68,44.19,44.82,46.62,48.29,50.34,50.83,49.58,49.80,52.14,57.31,75.05,58.24,51.68,49.48,49.85,49.50,46.86,44.67,43.25,42.56,42.50,42.87,43.84,45.65,46.84,46.03,45.13,44.39,43.88,43.90,44.59,46.62,50.20,52.37,50.76,49.64,49.92,51.25,53.90,57.88,56.57,51.86,48.43,46.39,45.72,46.19,47.38,48.78,50.52,52.65,53.17,51.05,48.23,46.01,45.04,45.25,46.33,48.05,50.09,51.53,51.55,49.96,48.15,46.81,45.63,44.57,43.92,43.89,44.51,45.69,47.16,48.64,50.19,51.94,54.03,56.87,62.13,75.00,61.44,56.67,54.68,53.86,53.56,53.70,54.16,54.74,55.31,56.13,57.15,57.66,57.27,56.38,55.53,54.77,54.03,53.33,52.86,52.64,52.63,52.83,53.28,54.05,54.84,54.59,52.85,50.74,49.14,48.22,47.84,47.90,48.35,49.25,50.59,52.37,54.24,55.77,56.39,55.74,54.61,54.18,55.02,57.49,59.96,56.77,52.48,49.49,47.51,46.37,45.86,45.87,46.31,47.15,48.41,50.17,52.52,54.44,53.72,51.64,50.16,49.61,49.90,51.10,53.37,57.36,64.95,64.32,57.58,54.29,52.49,51.34,50.45,49.73,49.36,49.38,49.61,49.67,49.27,48.49,47.54,46.64,46.02,45.81,46.06,46.78,48.00,49.78,52.10,54.85,57.87,60.54,59.65,55.75,52.31,49.92,48.41,47.62,47.46,47.91,48.99,50.83,53.55,56.83,57.71,55.06,52.54,51.01,50.39,50.51,51.26,52.34,53.11,53.11,52.63,52.29,52.32,52.74,53.54,54.69,56.23,58.32,61.06,65.01,70.25,66.91,61.41,57.66,55.04,53.23,52.11,51.63,51.68,52.06,52.32,51.93,50.80,49.41,48.20,47.36,46.95,46.98,47.47,48.43,49.91,51.98,54.74,58.21,61.27,60.90,58.68,56.92,55.98,55.87,56.74,58.61,61.14,61.93,59.68,57.35,56.00,55.62,56.17,57.68,60.25,63.76,64.57,60.89,57.63,55.47,54.12,53.31,52.83,52.49,52.26,52.26,52.68,53.70,55.58,58.70,62.20,60.58,56.81,54.34,53.07,52.85,53.67,55.79,60.08,70.04,63.45,56.98,53.68,51.78,50.79,50.47,50.69,51.35,52.35,53.57,54.95,56.66,59.32,64.90,80.16,61.02,55.11,51.61,49.31
52.00,41.12,40.59,44.05,45.25,43.18,43.39,46.24,52.43,53.39,50.57,49.83,47.26,50.17,55.45,47.00,43.58,42.21,42.54,43.72,42.51,41.82,41.81,42.80,45.92,49.94,44.81,43.06,42.00,41.94,43.66,44.91,44.40,43.76,44.14,44.34,45.76,50.00,59.01,59.94,54.68,51.35,48.97,49.39,52.90,56.81,58.74,56.59,53.73,49.97,46.52,44.35,43.66,43.70,43.84,44.46,45.78,48.79,57.53,54.62,49.81,48.18,47.46,47.29,48.10,49.92,54.91,70.77,52.74,48.41,46.15,44.49,42.98,41.92,41.35,41.53,42.95,45.18,46.85,47.83,48.30,47.73,46.91,45.81,44.61,43.76,43.81,44.92,46.34,47.43,48.41,49.51,51.16,54.25,57.27,53.33,49.23,47.18,46.39,45.98,45.90,46.33,46.88,47.17,47.43,48.30,50.22,52.87,53.27,51.06,49.73,49.34,49.28,49.77,50.85,51.06,49.36,46.89,44.87,43.68,43.29,43.50,44.04,44.85,46.17,48.05,49.91,50.76,50.64,50.32,50.54,51.64,53.73,56.94,60.80,63.06,62.42,60.71,59.35,58.66,58.22,57.49,56.16,54.53,53.09,52.04,51.46,51.25,51.22,51.20,51.11,51.07,51.36,52.06,53.18,54.79,57.30,60.76,60.91,56.56,53.06,50.75,49.31,48.60,48.36,48.37,48.44,48.60,48.94,49.48,50.13,51.01,52.51,55.06,58.62,59.50,55.72,52.49,50.37,49.01,48.01,47.18,46.52,46.14,46.09,46.34,46.88,47.84,49.51,52.26,56.66,60.12,56.17,52.64,50.85,50.39,51.04,52.85,56.06,61.71,76.60,64.69,59.26,57.08,56.34,55.90,54.46,52.04,49.65,47.79,46.52,45.82,45.65,45.95,46.58,47.26,47.79,48.14,48.52,49.09,49.91,51.13,52.99,55.95,60.21,59.22,54.05,50.40,48.01,46.51,45.70,45.52,46.00,47.17,49.09,51.74,54.69,56.12,55.05,53.46,52.37,51.87,51.97,52.59,53.75,55.47,57.61,59.81,61.23,61.08,59.80,58.26,56.98,56.08,55.55,55.32,55.24,55.26,55.31,55.24,54.91,54.25,53.43,52.69,52.15,51.82,51.60,51.28,50.68,49.79,48.74,47.72,46.86,46.29,46.11,46.41,47.25,48.71,50.91,54.04,58.11,61.32,60.30,58.29,57.16,56.74,56.62,56.45,56.16,55.90,55.80,56.03,56.67,57.79,59.34,60.47,59.53,57.25,55.26,54.05,53.68,54.21,55.75,58.64,63.52,66.58,61.62,58.18,56.52,56.19,57.06,59.06,61.10,59.99,56.87,54.42,52.90,52.21,52.24,53.02,54.71,57.87,64.25,68.41,59.06,54.42,51.74,50.14,49.31,49.12,49.50,50.48,52.15,54.76,58.96,67.32,73.38,62.18,57.84,55.10,52.96,51.14
54.00,40.88,39.91,39.59,43.51,48.19,56.07,56.08,52.74,54.94,51.94,48.70,45.12,43.07,43.54,43.77,43.25,44.92,48.23,47.43,48.87,45.31,42.33,40.62,40.65,41.88,42.57,42.06,43.49,46.17,47.69,48.48,51.57,50.02,46.41,45.53,45.22,47.17,50.91,50.24,48.25,48.40,49.92,51.62,51.41,51.15,51.14,52.70,58.71,87.57,58.62,51.38,48.03,47.80,50.04,53.14,55.14,53.63,52.21,50.64,49.53,48.05,46.33,45.18,45.02,45.99,47.74,51.25,57.90,50.17,46.22,44.89,44.59,44.65,45.10,45.95,46.85,47.51,47.49,47.74,49.21,50.61,50.45,48.87,46.78,45.00,43.58,43.15,44.13,46.39,49.53,53.22,57.67,57.56,53.98,51.28,49.73,49.39,50.09,50.84,49.74,48.01,46.99,46.38,46.02,46.16,46.94,48.54,51.98,61.48,61.31,53.30,50.49,49.28,48.80,48.50,48.15,47.64,47.00,46.80,47.39,48.63,50.03,50.83,50.88,50.94,51.18,51.13,50.90,50.99,51.37,51.89,52.44,53.13,53.82,54.26,54.53,54.81,55.43,56.86,59.38,62.54,62.39,58.34,54.81,52.67,51.77,51.79,52.54,53.93,55.87,58.16,60.25,62.23,64.71,67.61,68.82,67.78,66.97,67.23,66.44,62.58,58.61,55.61,53.45,51.80,50.53,49.60,49.09,49.04,49.43,50.30,51.96,54.92,58.68,56.59,52.37,49.68,48.20,47.55,47.61,48.22,49.17,50.10,50.68,50.93,51.15,51.58,52.26,53.15,54.42,56.46,59.36,60.77,58.34,55.78,54.20,53.41,53.25,53.62,54.54,56.15,58.71,62.69,68.16,65.47,58.68,53.85,50.53,48.37,47.12,46.60,46.71,47.45,48.85,50.80,52.57,52.82,51.75,50.61,50.03,50.13,50.89,51.99,52.69,52.36,51.37,50.34,49.53,48.97,48.68,48.65,48.86,49.26,49.78,50.30,50.76,51.26,52.00,53.15,54.76,56.59,57.96,58.54,59.13,60.83,65.12,73.92,64.87,59.26,56.30,54.64,53.77,53.42,53.39,53.46,53.47,53.34,53.20,53.23,53.53,54.19,55.13,55.94,55.80,54.51,52.90,51.63,50.82,50.47,50.44,50.60,50.78,50.91,51.09,51.45,52.16,53.40,55.29,57.89,60.67,61.95,61.33,60.72,60.82,60.80,59.40,57.01,54.94,53.65,53.22,53.70,55.20,57.98,61.83,61.55,57.42,54.33,52.34,51.21,50.79,51.09,52.08,53.90,56.68,60.80,66.67,68.02,63.47,60.23,58.03,56.40,55.20,54.42,54.11,54.26,54.75,55.34,55.63,55.48,55.17,55.11,55.51,56.36,57.16,57.04,55.77,54.15,52.85,52.12,52.06,52.75,54.39,57.41,62.33,63.50,58.46,55.20,53.55,52.97,53.20,53.91
56.00,45.54,46.84,45.38,46.22,59.54,49.99,47.66,48.71,51.74,54.07,59.70,57.05,46.68,42.63,42.35,44.53,49.15,52.65,54.79,53.47,50.07,45.37,42.61,40.25,39.44,40.96,43.98,47.20,53.04,54.92,56.58,57.03,53.27,48.44,46.00,43.92,42.69,42.85,44.34,46.16,47.07,49.14,53.31,55.16,52.73,51.37,50.76,49.82,49.36,49.23,49.59,51.69,55.08,56.23,53.32,49.94,47.39,46.70,48.50,50.01,49.31,48.07,46.90,45.80,44.99,44.37,44.23,44.83,45.99,46.59,46.34,46.79,48.81,53.48,61.51,52.69,49.26,48.83,49.14,49.62,51.15,52.15,51.92,50.87,48.87,46.92,45.75,46.00,47.59,50.02,51.18,48.92,46.40,44.74,44.19,44.95,46.99,49.81,52.88,55.01,52.86,50.15,48.89,48.59,48.45,48.40,49.00,50.75,54.69,65.76,61.45,54.45,51.11,49.18,48.31,48.25,49.03,51.14,55.44,64.89,66.46,57.55,53.53,51.30,50.48,50.87,52.17,53.94,55.17,55.32,55.29,56.03,57.68,58.83,57.50,55.33,53.59,52.20,51.05,50.37,50.08,50.02,50.21,50.89,52.16,53.91,55.97,58.27,60.55,61.67,60.27,58.35,57.28,57.15,57.97,60.16,65.36,74.51,63.23,58.34,55.92,54.91,54.86,55.48,56.18,56.36,55.82,54.91,54.22,54.01,54.14,54.10,53.55,52.53,51.40,50.34,49.50,48.93,48.68,48.83,49.55,51.04,53.59,57.61,64.11,66.67,59.67,55.72,53.67,52.97,53.54,55.70,60.96,78.21,59.25,53.95,51.37,50.11,49.76,50.12,51.16,53.05,56.20,61.63,67.97,62.10,58.01,55.90,54.76,54.22,54.13,54.32,54.75,55.43,56.31,56.50,54.94,52.68,50.86,49.65,48.88,48.37,47.98,47.69,47.60,47.88,48.69,50.20,52.72,56.49,58.95,55.51,52.17,50.21,49.29,49.17,49.73,50.94,52.87,55.72,59.98,66.94,78.22,70.62,66.97,64.43,61.43,58.65,56.65,55.51,55.17,55.54,56.55,58.28,60.98,64.12,63.47,59.97,57.38,55.99,55.57,56.04,57.27,58.48,58.20,56.49,54.79,53.79,53.60,54.35,56.38,60.81,75.06,62.22,55.68,52.32,50.43,49.50,49.31,49.75,50.80,52.47,54.83,57.83,60.44,60.01,57.83,55.99,54.87,54.51,54.89,55.93,57.24,57.65,56.53,54.88,53.54,52.76,52.48,52.60,53.02,53.67,54.55,55.70,57.25,59.26,61.36,61.33,58.68,56.01,54.15,53.16,52.98,53.63,55.25,57.95,60.71,59.37,56.00,53.45,51.84,50.99,50.80,51.27,52.49,54.62,57.97,62.53,63.30,59.62,56.90,55.23,54.16,53.34,52.55,51.74,50.99,50.43,50.24,50.57,51.51
58.00,56.51,51.38,44.77,42.51,43.48,46.05,48.47,46.82,47.39,48.32,45.57,45.36,45.47,50.18,49.86,51.07,54.30,52.86,57.56,53.23,51.80,54.63,53.57,49.47,47.22,47.04,51.92,59.16,57.10,62.80,54.03,51.53,52.79,51.72,47.60,45.72,44.27,44.61,46.74,50.72,56.94,60.49,56.28,53.75,54.26,56.07,55.08,49.85,46.93,45.44,44.50,44.41,45.78,48.24,50.18,50.47,50.44,49.94,49.22,49.60,50.56,51.78,51.50,48.72,45.75,43.96,42.52,41.49,41.64,42.98,45.03,47.36,50.29,55.81,66.34,59.40,54.67,52.82,51.88,50.91,50.64,51.60,53.26,55.49,57.08,54.73,49.58,46.22,44.91,44.57,44.24,43.66,43.14,42.97,43.37,44.41,45.95,47.87,49.49,50.85,52.99,55.43,56.73,57.34,57.07,55.73,54.03,52.42,51.70,52.90,56.76,63.53,61.54,57.15,55.04,54.33,54.48,54.48,53.52,52.04,50.83,50.11,49.82,49.72,49.83,50.54,51.65,52.21,51.92,51.52,51.36,51.50,52.28,54.46,59.68,88.09,60.16,54.59,51.65,49.90,48.94,48.61,48.88,49.80,51.45,53.68,55.81,56.69,56.21,55.29,54.35,53.50,53.00,53.20,54.20,55.69,56.62,56.29,55.23,53.96,52.66,51.57,50.96,50.86,51.28,52.14,53.25,54.60,56.19,57.34,56.92,54.90,52.51,50.62,49.43,48.95,49.06,49.63,50.49,51.54,52.60,53.62,54.86,56.64,59.09,61.07,59.98,57.73,56.16,55.46,55.66,57.05,60.45,68.09,64.12,57.38,53.90,51.98,51.05,50.88,51.27,52.11,53.37,54.64,54.96,54.08,53.13,52.90,53.68,55.50,58.09,59.57,57.99,55.84,54.49,53.85,53.52,52.94,51.82,50.37,48.91,47.74,46.99,46.72,46.94,47.66,48.97,51.06,54.47,61.01,74.04,59.44,54.85,52.75,51.99,52.22,53.32,55.27,58.22,62.83,71.50,68.76,61.56,57.84,55.79,54.90,55.00,56.05,57.86,59.63,59.35,57.11,54.93,53.47,52.81,52.97,53.90,55.41,57.11,58.25,58.30,57.52,56.56,55.87,55.57,55.64,56.06,56.74,57.71,59.03,60.43,60.19,57.26,53.86,51.11,49.12,47.80,47.07,46.90,47.27,48.17,49.59,51.41,53.28,54.58,55.15,55.54,56.35,57.71,58.84,58.22,56.26,54.35,53.01,52.26,52.08,52.50,53.62,55.53,58.17,60.32,59.69,57.92,56.93,57.06,58.52,61.82,68.51,68.76,62.03,58.69,57.12,56.78,57.42,58.86,60.51,60.48,58.30,55.71,53.56,51.94,50.85,50.30,50.33,50.99,52.46,55.14,60.19,70.31,60.62,54.97,51.85,49.97,48.89,48.38,48.30,48.53,48.92,49.30,49.59,49.84
60.00,46.57,43.90,42.82,39.57,39.73,43.96,46.14,45.36,43.12,41.86,41.07,39.99,39.26,40.01,44.59,57.90,56.03,55.25,50.93,50.19,49.14,48.11,47.74,46.94,46.13,45.76,47.16,49.32,50.59,51.18,50.60,51.07,51.15,53.61,56.63,56.12,52.08,48.28,48.03,49.65,50.06,51.21,53.74,52.18,50.02,50.85,51.14,51.09,50.48,49.31,49.65,50.16,50.55,53.95,64.56,62.29,61.04,76.12,57.60,53.14,52.83,53.82,54.56,53.20,50.85,48.17,46.26,45.18,44.43,44.56,46.24,49.69,55.60,62.29,60.68,61.51,64.54,58.54,55.44,53.69,52.38,52.70,54.57,57.85,65.72,56.81,50.10,46.08,43.70,42.51,42.21,42.61,43.54,45.15,47.10,47.91,47.55,47.36,47.75,48.34,49.31,51.43,55.35,61.17,64.79,59.00,54.36,51.64,50.13,49.60,50.07,51.15,52.15,52.71,52.80,52.28,51.56,51.25,51.27,51.08,50.72,50.58,50.65,50.31,49.26,48.17,47.64,47.73,48.12,48.34,48.15,47.81,47.76,48.32,49.83,52.60,56.48,59.70,59.88,58.41,57.24,57.47,59.25,62.58,66.03,63.60,59.16,56.16,54.51,53.92,54.25,54.99,55.48,55.04,53.86,52.54,51.52,51.04,51.33,52.28,53.22,52.87,51.06,49.26,48.14,47.74,47.88,48.49,49.75,52.05,56.22,65.38,63.64,56.17,52.67,50.78,49.90,49.79,50.38,51.65,53.58,56.09,58.50,60.13,61.45,63.09,64.56,64.52,62.80,60.31,57.91,56.10,55.08,54.95,55.93,58.37,62.40,63.37,59.21,55.87,53.65,52.11,51.01,50.27,49.81,49.60,49.62,49.90,50.42,51.24,52.28,53.20,53.68,53.64,53.39,53.34,53.71,54.27,54.35,53.48,52.23,51.27,50.86,51.06,51.88,53.40,55.63,58.61,62.29,65.98,68.75,69.58,66.27,61.92,58.75,56.77,55.63,55.15,55.29,56.04,57.27,58.07,57.23,55.35,53.81,53.14,53.54,55.22,58.41,60.68,57.09,53.26,50.65,48.96,47.96,47.52,47.63,48.31,49.57,51.41,53.62,55.23,55.02,53.73,52.67,52.28,52.55,53.43,54.79,56.30,57.31,57.17,56.12,54.78,53.49,52.26,51.12,50.17,49.47,49.07,48.98,49.15,49.49,49.97,50.58,51.40,52.66,54.60,57.46,60.30,58.95,55.56,53.15,51.81,51.34,51.68,52.82,54.90,58.35,64.63,72.47,63.30,59.08,57.04,56.14,55.91,56.05,56.36,56.88,57.87,59.76,63.49,71.47,68.88,61.85,58.36,56.50,55.56,55.23,55.19,55.11,54.86,54.48,54.16,54.19,54.85,56.46,59.73,65.63,62.73,56.50,52.77,50.45,49.02,48.26,48.05,48.28,48.82,49.47,49.86,49.75
62.00,48.81,46.11,44.91,48.16,43.60,41.29,42.20,43.01,41.75,40.50,40.78,40.84,42.22,42.49,44.10,48.03,53.17,52.59,49.47,47.64,47.96,47.93,45.74,44.68,43.66,42.67,43.08,45.50,46.31,46.77,50.13,52.16,52.48,54.88,67.91,50.38,44.99,41.95,40.70,41.04,43.03,44.33,44.44,46.07,48.04,47.13,46.01,46.17,47.93,52.39,63.99,53.59,47.51,45.50,45.54,46.42,48.35,50.46,52.60,58.80,59.78,55.10,52.11,50.53,50.44,51.20,52.27,55.63,66.93,63.32,58.16,57.97,56.40,54.19,54.11,55.64,58.01,61.40,62.32,60.76,58.46,56.32,56.26,56.80,55.88,54.01,53.07,52.17,49.35,47.20,46.57,47.29,49.47,52.81,54.34,52.40,50.39,49.36,49.47,50.44,51.65,53.24,55.73,58.97,61.01,60.03,58.30,56.90,55.48,53.82,52.46,51.54,50.63,49.44,48.19,47.32,47.11,47.66,49.10,51.46,54.09,54.62,52.69,50.63,48.88,47.47,46.75,46.77,47.17,47.52,47.72,47.81,47.72,47.55,47.56,48.06,49.23,50.89,52.68,54.20,54.76,54.07,52.81,51.81,51.44,51.73,52.48,53.48,54.45,55.42,56.63,58.62,60.78,58.87,55.20,52.77,51.54,51.18,51.43,52.21,53.41,54.13,53.26,51.22,49.35,48.16,47.64,47.66,48.09,48.75,49.38,49.56,49.26,48.97,49.08,49.53,50.07,50.58,51.20,52.12,53.57,55.83,59.70,67.43,70.48,62.62,59.61,58.47,58.16,57.92,57.08,55.66,54.27,53.34,53.15,53.85,55.73,59.50,67.01,64.61,57.91,54.27,52.01,50.67,50.06,50.14,50.90,52.19,53.86,55.54,56.98,58.17,59.11,59.71,59.79,59.39,59.04,59.14,59.77,61.12,63.72,69.54,80.07,66.17,60.81,57.74,55.82,54.80,54.69,55.71,58.42,64.53,65.69,57.71,53.47,51.03,49.68,49.10,49.09,49.47,50.10,50.89,51.77,52.76,53.80,54.68,55.22,55.34,55.02,54.16,52.83,51.35,50.03,48.94,48.04,47.37,47.02,47.06,47.53,48.41,49.55,50.69,51.51,51.94,52.13,52.41,53.08,54.30,56.16,58.28,59.21,58.10,56.63,56.01,56.59,58.79,63.36,64.19,57.91,53.80,51.29,49.81,49.11,49.05,49.56,50.58,51.99,53.58,54.90,55.41,55.11,54.47,53.95,53.83,54.32,55.52,57.54,60.48,64.07,66.12,65.12,62.83,59.92,56.96,54.47,52.63,51.43,50.85,50.92,51.69,53.34,56.27,61.83,83.09,63.72,58.20,55.66,54.54,54.37,55.07,56.81,60.08,65.52,64.99,59.47,56.04,54.04,52.94,52.46,52.41,52.59,52.75,52.65,52.26,51.69,51.15,50.79,50.64,50.62,50.61,50.40
64.00,44.81,46.30,48.91,56.92,50.34,42.84,41.58,41.40,42.39,43.99,44.23,48.38,52.44,46.75,41.95,42.50,45.87,47.20,47.93,49.52,49.12,49.15,50.60,53.51,57.10,52.67,46.78,45.10,46.43,48.28,49.41,51.64,53.59,51.10,49.22,46.60,44.58,43.49,41.77,40.87,40.86,41.45,42.13,42.96,44.47,45.08,45.40,46.41,48.50,54.56,64.59,51.84,46.83,43.79,42.95,43.98,45.10,45.39,45.61,47.20,50.52,51.53,49.37,47.54,46.24,45.36,45.54,46.30,46.88,47.50,48.28,49.19,50.68,53.04,55.52,56.44,55.53,55.59,57.43,59.37,58.89,56.44,54.27,52.56,50.99,50.27,50.31,50.89,52.49,55.15,57.22,56.72,54.99,53.85,53.98,54.95,55.45,55.15,55.23,56.34,57.11,57.13,58.77,62.93,68.39,70.12,66.06,60.97,58.07,56.95,58.03,62.02,60.16,54.69,51.55,50.00,49.65,50.03,50.90,52.65,55.49,56.70,54.42,52.31,51.31,50.79,50.00,49.13,48.78,49.09,49.80,50.40,50.38,49.81,49.32,49.44,50.43,52.20,53.93,54.04,52.42,50.71,49.61,49.08,48.96,49.24,50.04,51.48,53.60,56.39,59.73,62.46,62.56,61.12,59.61,58.43,57.84,57.39,56.52,55.27,54.21,53.92,54.56,55.83,55.65,53.29,50.83,48.87,47.21,45.78,44.71,44.08,43.88,44.10,44.73,45.83,47.44,49.60,52.19,54.88,57.13,59.20,62.39,67.82,64.90,60.29,58.26,57.85,58.63,60.52,63.96,70.06,70.93,64.40,60.39,58.05,57.03,57.22,58.76,62.21,69.39,71.08,63.78,60.53,59.29,59.58,61.52,66.48,79.90,65.78,60.44,57.89,56.76,56.51,57.04,58.45,61.09,65.15,64.89,60.04,56.37,53.85,52.05,50.82,50.05,49.71,49.82,50.43,51.65,53.71,57.14,62.76,63.45,57.35,53.44,50.97,49.40,48.47,47.96,47.77,47.84,48.26,49.15,50.68,52.96,55.36,55.29,52.98,50.95,49.77,49.32,49.44,49.92,50.51,50.88,50.71,50.02,49.16,48.45,48.07,48.09,48.54,49.46,50.89,52.96,55.81,59.81,66.50,77.54,64.44,59.14,56.11,54.31,53.41,53.30,54.01,55.77,58.94,62.82,60.67,56.45,53.76,52.27,51.62,51.56,51.82,52.05,51.99,51.70,51.47,51.60,52.33,53.88,56.57,61.12,68.90,66.28,60.93,58.43,57.52,57.73,58.64,58.98,57.32,54.81,52.75,51.44,50.85,50.91,51.61,52.90,54.71,56.80,58.54,58.88,57.94,56.76,55.93,55.61,56.03,57.43,60.41,67.55,70.34,59.70,54.90,51.94,49.99,48.76,48.14,48.07,48.54,49.56,51.14,53.20,55.20,55.80,54.77,53.38,52.36,51.87
66.00,42.48,43.35,47.42,52.10,48.15,61.73,49.37,46.39,47.32,51.04,67.54,55.76,48.47,46.79,44.69,42.96,43.18,45.87,49.09,51.31,53.65,51.03,48.52,48.00,48.93,51.20,52.70,50.54,49.93,48.61,47.57,48.32,47.79,45.59,43.08,42.77,44.03,46.15,48.90,45.62,42.45,42.11,42.91,42.88,42.81,44.66,47.91,51.49,52.12,49.27,47.83,47.37,48.28,49.59,47.46,45.14,44.07,44.03,44.32,43.93,44.19,44.90,45.43,45.78,45.80,45.96,46.53,47.44,48.52,49.25,50.09,51.83,54.37,56.68,56.71,55.84,55.31,54.56,54.75,56.80,59.84,60.82,58.59,55.85,53.97,52.59,51.33,49.69,47.81,46.43,45.79,45.89,46.90,48.77,51.05,52.79,52.52,50.85,49.53,49.18,49.51,50.09,51.02,52.97,56.32,59.96,58.49,54.79,51.78,49.24,47.25,46.24,46.25,46.89,48.14,50.49,54.41,59.31,58.85,55.65,54.17,54.21,55.14,56.44,58.30,60.02,57.62,54.34,52.78,52.43,52.58,52.78,52.89,52.83,52.57,52.45,53.18,55.17,57.42,57.30,56.05,55.42,55.39,55.76,56.19,56.60,57.09,57.89,59.15,60.77,62.75,63.40,60.61,57.65,56.12,56.17,57.83,61.38,67.39,64.58,59.19,56.37,55.45,56.36,59.96,66.24,57.85,52.18,48.81,46.63,45.27,44.59,44.49,44.86,45.58,46.64,48.20,50.50,53.79,58.35,62.59,60.99,58.42,57.39,57.96,59.78,61.43,60.48,57.97,55.75,54.24,53.54,53.83,55.29,58.60,66.64,70.19,59.82,55.96,54.02,53.10,52.77,52.81,53.21,53.99,55.07,56.11,56.67,56.44,55.57,54.42,53.31,52.45,51.93,51.67,51.66,51.87,52.17,52.29,52.00,51.42,50.76,50.23,49.87,49.78,50.02,50.57,51.29,51.89,52.01,51.76,51.51,51.60,52.14,53.07,53.78,53.36,51.96,50.50,49.45,48.95,48.98,49.49,50.41,51.44,52.09,51.78,50.67,49.47,48.65,48.40,48.73,49.63,51.10,53.17,55.48,56.15,54.21,51.92,50.39,49.75,49.97,51.09,53.32,57.27,64.74,63.10,56.64,53.28,51.44,50.51,50.30,50.66,51.44,52.46,53.54,54.51,55.49,56.83,58.93,61.98,63.90,61.07,57.52,54.93,53.12,51.94,51.23,50.93,51.10,51.81,53.26,55.85,60.65,74.24,65.81,59.05,56.17,54.81,54.31,54.28,54.45,54.63,54.79,54.95,55.15,55.34,55.34,54.91,53.96,52.79,51.78,51.16,51.00,51.36,52.22,53.53,55.23,57.27,59.45,61.54,63.35,64.67,64.04,60.89,57.21,54.13,51.74,49.99,48.81,48.16,48.01,48.35,49.19,50.55,52.42,54.63,56.30,56.39,55.48,54.74
68.00,43.26,45.91,45.83,44.49,43.88,43.16,45.54,49.60,53.26,53.71,49.12,47.14,48.59,52.16,52.89,46.53,47.06,51.90,63.05,56.77,49.17,45.98,46.60,47.51,48.40,48.38,47.64,48.74,49.86,49.41,47.69,45.35,44.08,43.29,43.11,43.00,44.20,46.18,49.61,55.16,52.71,47.35,45.64,45.44,45.79,47.20,49.50,48.48,45.35,43.14,42.50,43.13,44.56,48.09,55.80,50.00,46.81,45.76,45.07,44.08,42.94,42.91,43.80,45.13,47.02,50.56,55.93,60.48,58.70,53.72,50.98,50.39,51.38,53.51,55.96,57.93,58.74,57.57,56.09,55.98,57.25,57.98,57.06,55.82,54.19,53.09,52.01,50.92,50.53,49.82,48.54,47.79,47.61,47.61,47.60,47.65,47.64,47.32,46.78,46.58,47.13,48.07,49.18,51.30,55.94,64.94,61.12,55.77,51.93,48.87,46.54,44.86,44.08,44.34,45.66,48.09,51.96,58.73,73.92,59.14,55.09,54.25,55.64,59.76,70.35,69.67,61.12,56.21,52.93,51.14,50.43,50.37,50.33,49.65,48.23,46.73,45.75,45.51,45.94,46.93,48.51,50.90,54.11,57.14,57.74,56.74,56.35,57.55,60.97,69.14,70.47,61.58,57.51,55.14,53.72,53.11,53.30,54.17,55.34,56.49,57.59,58.49,58.41,57.32,56.62,57.26,59.07,59.22,56.52,54.38,53.34,52.97,52.93,53.13,53.35,53.44,53.54,54.05,55.21,56.71,57.22,55.96,54.43,53.90,54.83,57.43,60.54,58.54,54.74,52.13,50.57,49.85,49.85,50.55,52.09,54.98,60.67,66.83,58.01,53.57,51.21,50.01,49.61,49.82,50.55,51.71,53.16,54.61,55.77,56.45,56.48,55.84,54.76,53.52,52.34,51.24,50.33,49.75,49.55,49.79,50.45,51.52,52.92,54.48,55.69,55.68,54.32,52.41,50.65,49.30,48.40,47.95,47.98,48.56,49.78,51.76,54.55,57.35,57.58,55.71,53.89,52.47,51.23,50.15,49.33,48.82,48.69,48.90,49.34,49.85,50.33,50.83,51.53,52.64,54.34,56.86,60.35,62.73,60.40,57.47,55.61,54.72,54.41,54.38,54.12,53.21,51.80,50.27,49.03,48.27,48.07,48.45,49.44,51.05,53.16,55.02,55.22,54.01,52.86,52.40,52.79,54.03,56.00,57.97,58.22,56.78,55.40,54.79,55.00,56.03,57.78,60.02,61.66,61.30,59.61,57.86,56.51,55.55,54.81,54.05,53.25,52.52,52.10,52.22,53.12,55.10,58.74,63.14,59.51,54.92,52.04,50.31,49.39,49.08,49.33,50.14,51.55,53.74,57.02,61.64,63.36,59.25,55.98,54.02,52.95,52.50,52.47,52.69,52.93,52.94,52.57,51.94,51.30,50.84,50.65,50.78,51.22,51.95,52.86,53.86,54.87
70.00,45.00,46.28,43.17,42.87,45.80,44.80,42.88,43.79,44.79,45.16,47.72,51.59,57.24,52.41,51.90,45.76,41.87,41.67,42.96,43.14,43.24,43.69,45.21,48.97,50.80,48.23,46.84,47.24,51.68,65.66,53.95,48.21,45.35,44.54,45.58,48.67,48.89,49.13,48.19,49.08,54.87,57.14,51.61,50.67,48.16,45.15,43.94,43.20,42.85,43.11,43.39,44.03,45.35,46.25,47.64,52.00,56.67,51.83,48.93,48.27,47.87,47.39,48.03,50.12,55.00,66.53,59.56,52.80,49.95,48.44,47.55,47.80,49.44,52.28,55.72,58.21,59.45,58.64,55.76,53.37,52.02,50.78,49.05,47.74,47.24,46.96,46.74,46.85,47.71,50.36,57.16,58.55,50.68,47.51,46.24,45.88,46.18,46.92,47.64,47.79,47.64,47.93,48.30,48.15,48.10,48.63,49.31,49.51,49.19,48.80,48.87,49.27,49.24,49.29,49.98,51.07,52.53,54.79,57.81,61.31,63.71,63.27,64.49,70.46,70.71,63.46,59.35,55.40,52.06,49.83,48.57,47.83,47.22,46.56,45.87,45.19,44.66,44.53,45.17,46.80,49.51,53.32,56.92,55.77,52.82,50.92,50.10,50.31,51.76,54.53,57.36,55.99,53.46,52.36,52.53,53.02,52.70,51.73,50.86,50.44,50.71,51.87,53.95,56.02,55.05,52.20,50.03,48.84,48.48,48.80,49.79,51.51,53.74,55.39,55.03,53.40,51.85,50.91,50.64,50.97,51.67,52.52,53.39,54.05,54.30,54.31,54.19,53.75,52.92,52.08,51.55,51.27,51.08,50.87,50.81,51.08,51.86,53.15,54.60,55.22,54.71,54.07,54.03,54.82,56.33,58.50,61.53,66.22,74.88,76.27,70.79,69.92,69.22,65.39,61.20,58.07,55.96,54.65,54.07,54.21,55.16,57.03,60.38,67.60,73.36,61.29,56.48,53.64,51.82,50.69,50.03,49.73,49.70,49.90,50.38,51.20,52.56,54.81,58.82,67.77,65.22,57.36,53.43,51.03,49.59,48.86,48.76,49.26,50.44,52.25,54.50,56.50,57.32,57.23,57.17,57.69,59.34,63.42,74.79,62.80,56.26,52.61,50.32,48.87,48.01,47.57,47.45,47.59,47.96,48.53,49.31,50.27,51.43,52.72,53.86,54.40,53.99,53.01,52.04,51.44,51.40,51.95,53.16,55.06,57.71,61.02,64.39,65.94,64.38,61.32,58.26,55.79,54.02,52.98,52.61,52.91,53.76,54.79,55.32,54.91,53.93,53.06,52.65,52.82,53.70,55.49,58.33,61.15,59.83,56.63,54.28,52.77,51.87,51.44,51.42,51.78,52.63,53.99,55.69,56.96,56.40,54.35,52.23,50.54,49.35,48.66,48.48,48.80,49.70,51.28,53.67,56.77,58.64,56.82,54.21,52.35,51.26,50.82,50.96,51.63,52.80
72.00,43.83,44.03,47.33,51.45,51.78,64.24,57.70,58.72,54.39,52.28,54.47,60.16,49.46,47.58,46.57,45.31,41.54,39.23,38.83,39.54,40.70,44.13,47.04,48.09,48.78,49.32,47.49,43.47,42.57,45.28,47.38,47.39,47.88,48.59,50.86,53.54,62.64,55.75,53.29,52.67,52.41,53.36,52.24,48.99,46.66,44.66,43.13,43.14,44.38,46.70,49.52,49.82,48.24,46.57,45.81,47.23,51.19,56.50,61.70,64.33,62.80,57.00,54.54,52.77,51.27,50.68,50.49,50.10,50.01,50.88,51.36,49.63,48.44,48.91,50.90,53.85,57.00,60.41,62.53,60.03,55.54,52.29,50.36,48.90,47.70,46.93,46.58,46.98,48.07,49.66,53.01,61.58,60.84,53.26,50.14,48.84,48.56,49.08,49.92,49.74,48.31,46.96,45.85,44.76,44.04,43.97,44.35,44.76,45.15,45.97,47.53,50.49,57.28,64.91,54.25,51.05,50.08,50.45,52.02,55.20,61.54,66.30,59.31,56.87,56.89,57.33,56.30,55.16,54.11,52.06,49.71,47.94,46.92,46.60,46.93,47.79,48.86,49.71,50.33,51.15,52.06,52.91,53.91,54.42,53.64,52.31,50.91,49.66,48.92,48.76,48.89,49.13,49.43,49.94,50.80,51.74,51.80,50.75,49.58,48.93,48.81,49.12,49.80,50.62,50.80,49.58,47.75,46.36,45.71,45.79,46.45,47.51,48.77,50.03,50.88,51.03,50.59,49.96,49.51,49.48,50.05,51.29,53.01,54.01,53.00,51.38,50.41,50.24,50.86,52.19,54.08,55.52,54.79,52.71,50.73,49.36,48.66,48.67,49.42,51.02,53.73,58.30,67.19,64.42,58.21,55.33,54.00,53.67,54.10,54.98,55.86,56.49,56.99,57.61,58.30,58.83,59.16,59.40,59.71,60.17,60.69,61.15,61.63,62.34,63.48,65.05,66.34,66.05,64.73,63.62,63.08,62.40,60.86,58.75,56.77,55.38,54.76,55.08,56.60,59.89,67.01,72.14,62.18,58.17,56.09,55.06,54.78,55.13,56.16,58.16,61.75,67.90,68.08,62.87,60.31,59.71,60.92,65.24,91.57,62.44,55.94,52.21,49.81,48.26,47.35,47.00,47.17,47.89,49.22,51.18,53.50,55.17,54.92,53.67,52.67,52.28,52.49,53.11,53.72,53.70,52.90,51.87,51.11,50.81,51.01,51.70,52.77,53.96,54.82,54.83,54.08,53.09,52.23,51.70,51.58,51.90,52.59,53.46,54.27,54.76,55.08,55.51,56.25,57.07,57.27,56.52,55.40,54.55,54.31,54.74,55.89,57.74,59.66,59.64,57.55,55.33,53.62,52.44,51.67,51.13,50.70,50.30,49.85,49.31,48.77,48.32,48.08,48.13,48.52,49.33,50.67,52.66,55.47,58.98,60.89,58.86,56.42,54.87,54.19,54.30,55.18
74.00,45.93,51.64,53.87,49.85,47.68,46.79,43.04,42.59,45.13,50.12,53.69,49.75,47.71,46.75,44.40,43.18,45.97,44.54,41.90,41.99,44.02,45.25,46.37,45.23,45.80,47.23,45.86,43.98,41.28,39.82,40.28,41.17,42.56,45.53,50.31,55.75,56.62,61.16,66.07,58.33,54.20,54.20,58.08,57.70,54.15,53.34,53.31,53.63,56.19,59.73,61.39,55.29,51.89,51.73,51.51,49.95,49.69,50.44,50.38,49.57,48.47,46.53,44.98,44.47,45.00,46.10,47.76,51.00,55.88,57.12,52.87,49.53,47.86,47.77,49.00,51.21,53.91,56.51,56.57,55.40,55.04,54.16,52.49,51.85,51.76,51.28,51.62,53.05,55.22,55.30,52.13,50.72,51.83,55.93,66.95,63.44,56.09,52.83,51.13,50.13,48.75,46.84,45.49,44.87,44.44,44.02,43.88,44.28,45.24,46.86,49.31,53.05,58.72,58.52,53.40,50.89,49.94,50.23,51.89,55.21,61.48,63.90,56.76,53.63,52.43,52.09,51.99,52.09,52.82,53.86,53.52,52.04,51.09,51.27,52.70,55.14,54.94,50.40,46.78,44.74,43.95,43.97,44.60,45.91,47.97,50.56,52.13,50.69,48.19,46.43,45.72,45.95,46.96,48.27,49.10,49.25,49.30,49.46,49.60,49.55,49.16,48.45,47.65,47.00,46.68,46.72,47.07,47.61,48.28,49.17,50.34,51.67,53.08,54.72,56.53,57.73,57.40,55.79,54.02,52.81,52.24,52.17,52.23,52.07,51.59,50.91,50.35,50.35,51.13,52.81,55.34,57.76,57.60,55.26,53.02,51.38,50.41,50.13,50.69,52.36,55.60,60.93,60.85,55.84,52.83,51.14,50.26,49.97,50.18,50.79,51.64,52.42,52.76,52.57,52.04,51.41,50.79,50.30,50.06,50.24,50.95,52.33,54.57,58.03,62.40,61.77,57.77,55.14,53.76,53.22,53.42,54.27,55.81,58.21,61.70,65.32,64.36,61.17,58.82,57.36,56.53,56.16,56.14,56.48,57.23,58.57,60.48,62.82,65.01,66.60,67.54,67.37,65.33,62.79,60.95,59.73,58.86,58.08,57.37,56.82,56.27,55.49,54.40,53.30,52.49,52.12,52.37,53.32,55.04,57.37,58.87,57.45,55.06,53.30,52.36,52.22,52.87,54.23,55.77,55.91,54.10,52.03,50.56,49.83,49.82,50.52,51.97,54.22,57.21,59.96,60.11,58.52,57.17,56.27,55.57,54.87,54.22,53.80,53.77,54.29,55.54,57.80,61.25,63.07,59.38,55.72,53.39,52.16,51.82,52.33,53.75,56.34,61.14,76.34,64.26,57.27,53.63,51.34,49.84,48.89,48.38,48.21,48.32,48.67,49.22,49.88,50.51,50.96,51.16,51.18,51.18,51.36,51.85,52.75,54.10,56.02,58.64,62.26,67.36,72.96,71.63
76.00,44.49,41.72,42.01,42.77,40.98,40.75,42.96,41.65,42.68,48.12,60.50,49.80,47.61,46.58,44.90,44.78,44.45,48.30,75.51,50.79,45.79,43.57,43.48,44.41,44.19,43.53,43.70,45.25,45.04,41.93,40.91,41.94,43.81,46.41,49.19,53.07,54.22,53.94,58.36,60.36,55.27,50.90,48.51,48.22,49.23,49.01,48.04,48.17,49.28,50.70,53.02,56.58,56.55,54.00,52.33,52.65,57.40,68.05,53.67,49.28,47.53,47.04,46.35,46.28,46.90,48.34,50.97,54.65,56.67,53.70,52.69,52.72,50.67,48.65,48.05,48.63,49.46,49.80,49.63,48.39,46.80,46.01,46.10,46.35,46.69,47.83,50.13,54.50,65.13,61.86,53.72,50.27,49.06,49.50,51.64,55.80,60.66,57.50,53.71,51.74,50.81,50.20,49.64,49.49,49.54,49.26,49.08,49.91,52.18,55.66,58.52,57.01,55.52,57.58,62.54,57.58,53.38,51.14,49.98,49.64,49.97,51.09,52.71,52.97,51.36,50.01,49.72,50.03,50.29,50.76,52.23,55.35,61.80,69.16,57.42,52.23,48.83,46.37,44.48,43.13,42.40,42.25,42.59,43.40,44.73,46.46,48.15,48.95,48.40,47.22,46.38,46.21,46.55,47.04,47.32,47.31,47.39,48.00,49.04,49.85,49.67,48.65,47.41,46.40,45.91,46.17,47.43,50.07,54.97,64.30,60.57,55.33,52.90,51.94,52.05,53.10,55.03,58.00,61.80,62.05,57.86,54.56,52.62,51.79,51.84,52.61,53.77,54.78,55.35,55.51,55.54,55.75,56.29,57.28,58.71,60.33,60.89,59.83,58.49,57.76,57.61,57.51,56.96,55.89,54.73,53.76,52.97,52.39,52.06,52.10,52.51,53.13,53.69,53.87,53.61,53.00,52.26,51.60,51.09,50.89,51.12,51.97,53.44,55.00,55.03,53.20,51.19,49.73,48.88,48.62,48.83,49.37,50.17,51.19,52.48,54.33,57.24,62.52,66.73,59.49,55.13,52.70,51.33,50.68,50.56,50.88,51.54,52.53,53.80,55.40,57.37,59.61,61.69,62.12,60.14,57.54,55.25,53.46,52.19,51.47,51.31,51.72,52.77,54.55,57.26,61.47,66.91,64.42,60.05,57.50,56.11,55.46,55.24,55.20,55.26,55.35,55.42,55.49,55.49,55.38,54.99,54.35,53.61,53.00,52.71,52.81,53.32,54.16,55.11,56.00,56.82,57.75,59.29,62.04,65.64,64.47,60.50,57.86,56.67,56.69,57.87,60.20,62.71,61.92,58.95,56.56,55.04,54.22,54.02,54.39,55.35,57.06,59.83,64.41,68.46,62.31,57.46,54.34,52.20,50.76,49.85,49.36,49.31,49.70,50.56,51.95,53.92,56.25,57.73,56.85,54.92,53.29,52.28,51.84,51.95,52.56,53.70,55.29,57.17,58.81,59.41
78.00,46.35,41.89,40.78,40.30,41.32,41.83,43.58,47.28,42.78,41.01,41.30,43.53,45.26,44.13,44.44,46.89,48.63,48.08,49.96,49.66,47.04,45.36,44.44,44.84,44.23,43.54,44.33,45.04,46.73,54.64,54.44,50.88,49.49,47.96,48.52,50.10,55.08,59.32,59.64,63.26,65.39,54.37,48.78,46.02,44.92,44.87,45.22,45.28,45.90,47.33,49.37,50.77,48.85,47.31,47.04,45.74,44.74,45.54,47.40,49.27,50.18,51.03,56.07,58.97,53.61,51.11,49.60,48.95,49.73,52.12,55.19,55.70,52.51,49.75,48.63,48.78,49.52,49.94,49.54,48.64,47.47,46.27,45.58,45.56,45.90,46.89,49.10,52.42,56.42,56.53,56.01,57.67,55.48,52.46,51.47,52.38,55.12,60.19,69.53,61.57,56.98,56.38,58.96,64.27,71.59,65.58,57.61,53.28,50.68,48.95,47.84,47.49,48.01,49.76,53.98,66.18,57.03,50.77,47.85,46.51,46.16,46.61,47.79,49.30,50.18,50.12,49.81,49.75,49.90,50.23,51.31,54.34,61.91,60.38,52.72,48.89,46.83,45.95,45.92,45.99,45.47,44.70,44.13,43.81,43.70,43.90,44.44,45.28,46.56,48.21,49.31,48.75,47.47,46.61,46.43,46.71,47.19,47.69,48.23,48.73,48.97,48.96,48.88,49.02,49.62,50.98,53.63,59.30,78.67,57.51,52.27,49.60,48.10,47.32,47.11,47.46,48.34,49.72,51.75,55.00,60.88,68.74,61.61,58.04,57.08,58.09,61.33,65.61,61.49,57.52,55.66,55.15,55.77,57.71,61.54,65.42,59.84,54.82,51.69,49.82,48.92,48.92,49.78,51.50,54.16,57.95,62.67,63.71,61.01,59.41,59.51,61.49,65.95,69.99,64.78,61.28,60.00,60.21,61.29,60.75,57.63,54.58,52.37,50.85,49.82,49.22,48.92,48.86,48.93,49.04,49.15,49.24,49.26,49.35,49.68,50.45,51.84,54.07,57.31,59.89,57.96,55.00,53.03,51.94,51.51,51.58,51.97,52.58,53.41,54.50,55.94,57.75,59.65,60.84,60.34,58.56,56.56,54.80,53.38,52.32,51.56,51.14,51.07,51.37,52.03,52.92,53.81,54.50,54.88,55.13,55.63,56.65,58.37,60.63,61.50,59.51,57.04,55.37,54.68,55.02,56.49,58.91,59.67,56.44,53.05,50.63,49.06,48.19,47.88,48.09,48.75,49.86,51.39,53.32,55.61,58.27,61.15,63.94,65.91,66.05,64.08,61.33,58.90,57.15,56.19,56.11,56.96,58.84,61.53,62.94,61.01,58.58,56.89,55.88,55.34,55.17,55.23,55.39,55.49,55.37,55.02,54.64,54.44,54.53,55.04,56.04,57.68,60.22,64.02,68.05,65.69,61.70,59.05,57.47,56.69,56.58,57.01,57.92,59.13,60.22,60.73
80.00,43.38,50.26,47.31,44.57,45.78,48.54,45.39,45.65,41.94,39.23,38.82,39.76,41.44,42.44,45.02,46.80,51.08,73.77,54.11,53.78,64.28,61.23,52.22,48.60,48.95,50.99,51.09,50.85,51.69,50.73,47.66,45.84,45.77,46.31,47.39,49.32,52.79,52.95,52.30,53.72,52.51,51.59,52.66,56.25,53.59,51.00,51.32,51.69,49.28,47.57,46.26,45.56,45.97,46.12,45.04,43.85,42.61,42.02,42.90,45.00,48.45,54.07,61.99,55.62,49.98,47.21,46.36,46.76,48.53,51.61,52.94,52.80,53.41,51.68,49.78,50.23,53.71,63.00,60.97,53.12,50.72,50.67,50.65,50.16,51.05,52.27,51.75,50.44,49.22,48.98,49.81,52.19,58.65,65.70,54.16,50.46,49.13,49.00,49.61,50.52,51.36,51.85,51.85,51.63,51.15,49.95,48.25,46.73,45.79,45.47,45.70,46.53,47.73,48.68,49.84,52.41,55.10,53.37,50.36,48.21,47.02,46.42,46.24,46.71,48.01,49.78,50.94,51.18,51.78,53.29,55.29,57.03,57.40,54.78,51.48,49.12,47.89,47.72,48.59,50.65,52.84,51.44,48.32,45.98,44.49,43.73,43.65,44.22,45.48,47.52,49.92,50.77,49.52,48.24,47.73,47.93,48.38,48.49,48.22,48.14,48.52,49.46,51.24,54.59,62.34,67.47,56.45,52.80,51.30,50.69,50.07,49.21,48.34,47.65,47.12,46.86,47.02,47.61,48.54,49.67,50.99,52.66,54.87,57.87,62.05,68.01,75.23,70.20,64.85,61.79,60.41,60.51,62.42,68.07,77.54,62.67,56.98,53.51,51.18,49.73,49.04,49.08,49.89,51.57,54.35,58.81,65.61,63.87,58.82,56.04,54.62,53.96,53.39,52.46,51.39,50.76,50.89,51.98,54.40,59.54,92.60,59.14,53.31,50.44,49.02,48.60,48.97,49.92,51.13,51.96,51.83,51.01,50.14,49.49,49.10,48.86,48.69,48.62,48.76,49.27,50.28,51.79,53.81,56.17,58.30,58.90,58.04,56.95,56.25,56.21,56.85,58.15,60.14,62.29,63.34,62.28,60.48,58.94,57.85,57.15,56.68,56.26,55.85,55.56,55.53,55.88,56.61,57.65,58.93,60.39,61.95,63.62,65.06,64.79,62.67,60.27,58.46,57.43,57.18,57.83,59.42,60.97,59.15,55.36,52.16,49.86,48.31,47.37,46.98,47.05,47.53,48.34,49.35,50.40,51.40,52.41,53.75,55.89,59.64,67.81,70.82,61.06,57.22,55.35,54.64,54.87,56.07,58.61,63.81,86.78,64.40,58.24,54.95,52.88,51.51,50.63,50.16,50.06,50.30,50.84,51.71,52.91,54.47,56.44,58.82,61.39,63.15,63.21,62.41,61.76,61.62,61.98,62.72,63.72,64.59,65.04,65.16,65.29,65.72,66.43,67.38
82.00,39.96,41.29,45.00,53.65,56.73,51.34,45.88,42.19,43.97,45.68,43.81,41.88,41.90,45.67,48.73,54.12,58.70,59.58,48.31,45.59,46.24,48.92,51.67,54.69,55.83,54.25,53.69,51.27,49.54,51.15,51.13,47.28,46.20,45.96,45.82,46.01,46.50,49.52,50.67,49.43,48.36,46.88,45.84,45.41,46.34,49.52,55.33,67.15,58.32,50.42,47.22,46.04,46.18,46.48,45.87,45.90,46.58,46.24,46.00,47.58,51.75,65.52,58.44,54.86,51.99,49.89,48.90,48.54,47.79,47.43,48.37,49.86,51.23,50.53,47.29,44.87,44.06,44.25,44.53,44.88,45.37,46.15,47.96,51.76,59.56,61.54,52.58,49.08,47.77,48.03,49.36,50.66,52.70,58.24,61.22,52.79,49.04,47.33,46.61,46.60,47.34,48.76,50.10,50.35,49.97,49.69,49.55,49.28,48.94,48.95,49.44,49.58,48.92,47.86,46.81,46.45,47.16,48.96,51.58,53.58,52.25,49.82,48.22,47.63,48.07,49.41,51.39,53.63,55.53,56.09,53.25,49.84,47.60,46.44,46.04,46.29,47.26,48.90,50.81,52.77,56.01,61.99,57.50,52.16,49.27,47.61,46.80,46.69,46.96,47.42,48.22,49.55,51.18,52.26,52.05,51.25,50.64,50.30,50.18,50.39,51.35,53.68,58.70,69.66,57.47,51.90,48.96,47.43,46.95,47.34,48.45,49.90,51.05,51.14,50.25,49.01,47.98,47.33,46.95,46.79,46.94,47.61,48.94,51.02,54.02,58.25,64.39,72.54,80.40,81.18,68.68,63.07,59.67,57.35,55.75,54.69,54.22,54.41,55.40,56.96,57.90,57.39,56.55,56.68,58.34,62.34,66.92,60.73,55.51,52.17,49.86,48.33,47.40,46.97,46.99,47.39,48.16,49.33,50.95,53.00,55.33,56.81,55.88,53.92,52.50,51.93,52.12,52.97,54.22,55.16,54.92,53.69,52.27,50.94,49.66,48.47,47.46,46.75,46.46,46.68,47.50,49.05,51.54,55.49,62.61,78.93,61.96,57.60,55.59,54.80,55.05,56.51,59.74,65.73,63.78,57.96,54.73,52.96,52.09,51.93,52.41,53.59,55.69,59.17,65.83,78.05,64.54,60.08,57.94,57.06,56.98,57.47,58.46,59.79,61.45,63.25,64.76,64.62,62.59,60.06,58.00,56.51,55.51,54.87,54.36,53.79,53.10,52.31,51.50,50.81,50.30,49.98,49.87,49.98,50.31,50.96,52.04,53.66,56.00,58.84,60.34,59.01,57.16,56.12,55.98,56.65,58.09,60.23,62.98,65.54,64.24,60.35,56.91,54.28,52.36,50.95,49.96,49.30,48.93,48.87,49.13,49.72,50.66,52.04,53.91,56.38,59.30,61.39,60.64,58.49,56.61,55.30,54.51,54.14,54.11,54.35,54.81,55.42,56.11,56.73,57.15
84.00,44.18,42.09,43.04,48.61,63.27,52.31,50.01,49.68,48.41,53.16,60.25,54.04,50.83,51.31,52.09,51.82,48.04,47.71,51.36,52.88,47.96,46.54,45.41,44.08,44.36,45.32,44.29,43.38,43.63,44.52,48.98,59.75,48.65,46.11,45.04,45.29,46.70,49.04,52.29,54.65,55.22,53.27,51.08,48.03,46.03,46.18,48.64,52.39,54.84,58.02,58.18,55.81,51.43,49.37,50.44,53.22,59.50,59.13,50.35,47.78,46.96,47.37,48.31,48.77,51.21,57.26,54.37,48.91,46.29,45.49,46.01,46.77,46.72,46.61,45.52,43.15,41.22,40.33,40.34,41.11,42.54,44.17,45.93,49.14,55.20,57.97,54.79,52.63,52.26,52.13,51.52,50.76,49.64,49.42,50.85,53.69,54.79,52.39,50.57,50.07,50.57,51.75,53.73,56.35,58.27,58.49,58.37,60.02,67.17,67.57,57.01,52.40,49.83,48.27,47.01,45.97,45.71,46.46,48.28,51.30,55.49,57.91,55.85,53.02,51.13,50.73,51.93,54.09,54.02,51.21,48.68,46.70,45.19,44.29,44.14,44.78,46.23,48.40,51.10,53.38,53.89,54.06,55.74,60.14,74.75,62.30,55.22,51.57,49.47,48.42,48.33,49.34,51.66,55.35,58.51,57.00,55.14,55.07,56.54,59.08,61.37,59.76,55.58,52.27,50.15,48.96,48.35,48.03,47.85,48.00,48.80,50.50,52.96,55.17,54.96,52.62,50.19,48.43,47.46,47.18,47.45,48.19,49.43,51.29,53.94,57.55,62.04,65.99,66.48,64.41,60.84,57.31,54.60,52.76,51.63,51.19,51.46,52.64,55.12,59.59,62.45,57.29,53.60,51.71,51.04,51.30,52.14,52.95,52.83,51.39,49.49,47.86,46.83,46.52,46.88,47.75,48.74,49.28,49.13,48.56,48.01,47.88,48.39,49.68,51.86,54.88,58.03,58.88,57.71,56.80,56.53,56.36,55.42,53.72,51.90,50.41,49.40,48.88,48.80,49.14,49.95,51.37,53.68,57.45,64.25,69.72,61.07,56.81,54.39,52.94,52.15,51.81,51.80,51.84,51.63,51.05,50.32,49.74,49.49,49.62,50.20,51.28,53.07,55.83,59.73,61.72,58.75,55.96,54.39,53.74,53.86,54.77,56.50,59.20,62.94,66.44,65.58,62.94,60.83,59.13,57.64,56.42,55.62,55.35,55.85,57.39,60.77,69.16,70.15,60.26,56.05,53.71,52.42,51.87,51.86,52.17,52.49,52.61,52.51,52.38,52.42,52.79,53.62,55.08,57.33,60.50,63.08,61.39,58.41,56.29,55.02,54.32,53.96,53.77,53.53,53.20,52.78,52.30,51.84,51.52,51.37,51.44,51.77,52.34,53.13,54.09,55.10,56.02,56.62,56.70,56.33,55.78,55.27,54.99,54.98,55.29,55.99,57.06,58.44,59.89,60.79
86.00,49.68,52.86,46.27,45.12,46.64,49.70,47.82,46.70,50.03,53.91,47.90,43.98,42.42,43.18,44.77,45.28,47.70,48.51,51.50,55.95,62.74,55.74,50.15,47.42,45.24,43.99,43.74,44.41,45.70,47.02,47.79,53.04,55.47,49.20,47.56,46.82,46.32,47.40,52.65,50.84,47.65,46.13,46.26,48.54,55.30,51.39,47.48,46.70,46.08,45.72,47.25,50.55,54.46,56.88,58.15,59.07,55.87,51.57,47.08,44.12,42.97,43.20,44.71,46.68,49.16,53.18,54.83,50.89,48.60,46.82,45.12,44.24,43.79,43.34,43.38,43.70,43.12,42.12,41.89,42.43,43.58,45.42,47.21,47.55,47.66,48.18,49.28,52.42,59.22,58.94,53.19,50.54,48.78,47.38,47.01,48.00,50.54,54.98,62.95,68.64,60.76,59.33,59.79,56.26,52.36,50.54,50.15,50.48,51.54,53.96,58.06,60.19,57.31,54.60,53.20,52.07,50.48,49.30,49.05,49.69,51.46,55.14,63.93,65.32,56.01,52.52,50.90,50.01,48.98,47.64,46.51,46.00,45.97,46.22,46.77,47.66,48.72,49.82,50.97,52.05,52.07,50.98,50.24,50.46,51.52,52.97,53.96,53.83,53.10,52.61,52.53,52.98,54.31,56.92,61.22,66.47,64.97,61.33,57.96,54.22,51.06,48.79,47.37,46.67,46.67,47.38,48.81,50.80,52.65,53.13,52.74,52.78,53.82,55.64,57.21,56.77,54.66,52.72,51.57,51.05,50.70,50.33,50.11,50.29,51.00,52.40,54.71,58.38,63.71,67.07,63.16,59.28,56.49,54.61,53.61,53.49,54.36,56.41,60.10,65.75,62.15,56.34,52.60,50.14,48.61,47.80,47.56,47.71,48.07,48.52,48.92,49.28,49.63,49.93,50.18,50.21,49.72,48.68,47.47,46.46,45.83,45.66,46.07,47.17,49.12,52.13,56.43,60.90,60.10,57.81,56.87,56.89,57.20,57.10,56.78,56.75,57.27,57.87,57.37,55.54,53.62,52.34,51.89,52.29,53.53,55.42,57.24,57.20,55.19,52.82,50.77,49.16,48.00,47.34,47.17,47.44,48.07,48.95,50.06,51.41,53.06,55.11,57.65,61.11,66.23,70.37,65.04,60.77,58.20,56.66,55.85,55.59,55.78,56.36,57.12,58.04,59.17,60.70,63.18,67.63,76.76,68.97,62.66,59.11,56.95,55.74,55.29,55.48,56.14,57.04,57.68,57.61,56.92,55.96,54.92,53.81,52.69,51.64,50.82,50.39,50.44,51.05,52.33,54.44,57.64,61.63,61.97,58.37,55.31,53.13,51.61,50.62,50.08,49.94,50.18,50.76,51.67,52.92,54.60,56.61,58.57,59.39,58.42,56.75,55.30,54.30,53.81,53.79,54.23,55.16,56.65,58.80,61.65,64.40,64.64,62.74,60.99,60.04,59.80,60.29,61.56
88.00,49.65,48.95,44.75,43.63,44.07,44.25,45.73,47.05,44.97,45.84,47.31,45.67,44.64,43.03,44.57,48.39,56.40,53.73,54.90,57.56,48.71,46.85,48.15,50.91,56.09,50.95,50.41,53.73,53.81,50.07,46.33,46.22,52.13,56.71,48.84,44.88,43.53,42.55,41.98,41.72,41.31,41.85,42.65,44.29,48.07,56.42,49.84,45.67,44.73,44.73,45.01,45.56,46.41,48.52,51.78,53.40,52.01,50.66,50.36,48.73,46.85,45.67,45.59,47.11,47.50,46.91,47.31,49.40,51.76,49.88,46.63,44.51,43.55,43.03,42.89,43.73,46.06,49.58,50.17,48.10,46.65,46.03,45.42,44.49,44.19,45.16,47.22,50.44,54.84,57.46,55.64,52.74,51.53,50.91,50.01,49.80,50.96,53.77,55.68,53.11,50.25,48.30,47.10,46.54,46.29,46.30,46.94,48.44,50.40,51.74,52.25,52.91,54.05,55.62,57.58,60.81,65.99,59.17,54.47,52.54,52.42,54.00,57.60,66.25,65.39,55.25,50.73,48.24,46.98,46.50,46.45,46.79,47.88,50.16,53.92,56.97,54.96,52.50,51.15,50.67,50.88,51.40,51.50,51.28,51.36,51.87,52.44,52.81,52.83,52.56,52.19,52.10,52.78,54.69,58.73,64.63,58.72,53.74,50.88,49.01,47.60,46.64,46.23,46.44,47.27,48.70,50.81,53.91,58.84,63.37,58.22,54.89,53.80,54.22,55.75,58.53,62.82,61.04,55.44,51.81,49.59,48.22,47.49,47.37,47.96,49.41,51.92,56.05,62.42,61.56,57.27,55.32,54.89,55.56,57.41,61.18,70.85,69.15,60.63,57.40,56.26,56.19,55.78,53.75,51.09,48.91,47.45,46.63,46.37,46.61,47.47,49.14,51.88,55.37,55.59,52.59,50.21,48.73,47.87,47.49,47.52,47.85,48.36,49.00,49.85,51.04,52.67,54.58,56.40,57.24,56.90,56.27,56.03,56.55,58.17,61.40,65.08,60.72,55.71,52.38,50.20,48.82,48.13,48.07,48.60,49.69,51.22,52.89,53.82,53.08,51.33,49.58,48.25,47.49,47.32,47.78,48.89,50.76,53.55,57.47,60.99,59.02,55.82,53.91,53.30,53.86,55.74,59.63,67.72,65.13,58.37,55.04,53.36,52.79,53.16,54.47,56.80,59.79,60.44,57.78,55.27,53.73,53.05,53.07,53.63,54.45,55.06,55.07,54.70,54.32,54.20,54.44,54.99,55.66,56.13,56.03,55.40,54.64,54.04,53.79,53.93,54.48,55.38,56.43,57.08,56.86,55.91,54.71,53.55,52.45,51.43,50.54,49.85,49.43,49.30,49.47,49.97,50.87,52.23,54.23,57.24,62.24,74.99,68.44,61.43,58.36,56.84,56.30,56.56,57.69,59.96,64.28,74.41,67.70,60.90,57.33,55.17,53.85,53.19,53.06,53.46
90.00,43.17,46.85,52.95,49.28,52.87,65.07,51.63,49.24,51.48,45.68,45.04,51.29,55.22,47.85,45.29,44.53,43.60,43.76,43.75,45.72,46.84,42.76,41.69,42.73,43.79,46.48,52.76,61.06,53.98,49.93,48.33,46.01,46.57,51.45,49.53,46.12,43.20,40.85,39.37,39.56,40.75,42.02,43.73,44.64,44.21,45.11,48.19,49.56,48.64,48.91,47.76,47.12,48.62,52.04,58.83,59.13,54.11,51.46,50.27,53.04,70.73,55.01,48.93,46.43,45.42,44.74,44.84,46.04,47.63,48.52,48.97,48.37,46.98,46.58,46.93,47.52,49.71,56.81,60.92,50.58,46.68,44.72,44.22,44.78,45.53,46.46,47.76,48.25,48.66,49.86,51.73,54.22,56.87,62.21,64.31,57.52,55.92,57.65,59.29,54.98,50.37,47.25,45.41,44.78,45.34,46.69,48.12,49.30,49.39,48.00,46.66,46.17,46.34,47.03,48.36,50.16,52.00,54.40,57.65,58.61,56.39,54.49,54.07,55.08,57.60,59.52,55.93,52.05,49.72,48.73,48.87,49.86,51.58,54.45,59.89,78.33,62.58,56.92,54.25,53.07,53.17,54.70,57.61,58.94,56.40,53.77,51.86,50.52,49.69,49.29,49.18,49.27,49.69,50.57,51.87,52.96,52.70,51.10,49.48,48.51,48.31,48.81,49.93,51.63,53.85,56.17,58.11,59.94,62.55,63.65,59.78,56.14,54.27,54.00,55.28,58.51,64.10,59.86,54.09,50.78,48.90,47.85,47.31,47.12,47.26,47.72,48.43,49.35,50.29,50.87,50.88,50.81,51.30,52.78,55.67,60.53,61.59,56.42,53.06,51.17,50.24,50.12,50.74,52.05,53.45,53.37,51.65,49.91,48.87,48.62,49.17,50.52,52.81,55.71,56.76,54.64,52.52,51.47,51.50,52.46,54.03,55.14,54.17,52.09,50.49,49.73,49.80,50.64,52.08,53.85,55.29,55.82,56.02,56.76,58.38,60.36,60.11,57.31,54.53,52.39,50.77,49.50,48.54,47.91,47.64,47.76,48.25,49.00,49.83,50.57,51.08,51.44,51.80,52.23,52.80,53.63,55.03,57.12,58.98,57.84,55.03,52.69,51.16,50.36,50.24,50.89,52.40,55.13,60.09,68.05,61.35,56.41,53.96,52.86,52.69,53.14,53.71,53.63,52.57,51.11,49.89,49.12,48.93,49.35,50.47,52.33,54.74,56.46,55.63,53.79,52.46,51.93,52.21,53.27,55.14,57.96,61.80,66.46,70.88,73.25,69.20,63.64,59.54,56.64,54.67,53.31,52.46,51.91,51.61,51.52,51.56,51.74,51.89,51.98,52.04,52.10,52.33,52.78,53.51,54.60,56.05,57.95,60.43,63.74,68.70,77.24,84.39,75.74,72.63,71.41,70.52,67.96,64.42,61.39,58.90,56.96,55.54,54.56,54.03,53.94,54.29
92.00,46.25,46.39,46.82,42.22,39.85,39.71,42.36,46.04,46.22,50.71,52.82,54.18,62.73,48.85,42.13,40.46,40.02,41.17,41.21,40.45,41.26,43.73,43.48,42.44,42.78,45.03,50.75,67.42,59.72,56.18,54.78,48.97,44.50,43.71,45.39,47.03,45.74,44.12,43.70,43.33,44.34,45.35,45.33,44.16,42.95,42.31,43.39,47.20,54.77,57.40,56.25,53.58,50.30,48.36,48.07,48.43,47.97,47.98,49.01,49.94,52.24,58.79,56.12,49.65,47.63,47.32,46.83,45.62,44.88,45.10,45.98,47.61,50.00,52.70,56.78,68.27,63.50,60.01,59.55,53.89,50.00,48.20,47.93,48.68,48.75,47.17,45.99,45.78,46.25,47.39,49.30,52.71,59.34,67.61,56.85,50.95,47.69,46.29,46.40,47.39,48.30,48.60,48.53,48.53,48.89,49.88,50.12,48.51,46.95,46.16,45.73,45.39,45.42,45.96,46.93,48.19,49.24,49.92,51.25,54.05,57.31,56.41,53.47,51.42,50.04,49.22,48.99,49.35,50.05,50.79,51.54,52.86,55.59,60.33,66.58,68.57,69.52,75.08,92.55,76.45,72.02,72.06,73.90,65.58,59.80,56.58,54.76,53.63,52.70,51.93,51.14,50.29,49.41,48.67,48.29,48.34,48.74,49.39,50.10,50.96,52.38,55.06,60.23,69.08,62.29,57.74,55.66,54.88,55.11,56.52,58.75,59.01,56.56,54.77,54.22,54.28,54.24,54.02,53.82,53.28,52.22,50.95,49.61,48.18,46.84,45.84,45.31,45.26,45.70,46.61,47.96,49.68,51.90,55.08,60.81,70.53,59.94,55.03,52.42,50.79,49.62,48.74,48.21,48.15,48.67,49.85,51.69,53.98,56.13,57.31,56.92,55.38,53.73,52.71,52.45,52.89,53.92,55.54,58.32,64.26,79.51,61.16,55.90,52.94,51.10,50.06,49.71,49.97,50.79,52.05,53.69,55.82,58.71,63.10,72.24,70.10,62.84,59.61,58.10,57.39,56.83,55.58,53.56,51.54,49.86,48.76,48.12,47.95,48.18,48.79,49.87,51.73,54.76,60.53,83.53,61.41,56.06,53.23,51.77,50.93,50.50,50.45,50.69,51.12,51.60,51.89,52.24,52.79,53.75,55.16,57.32,59.27,58.38,55.93,53.44,51.49,50.16,49.28,48.78,48.53,48.50,48.77,49.18,49.92,50.79,51.97,53.36,54.50,55.26,54.53,53.29,52.12,51.31,50.63,50.19,50.38,50.77,51.23,52.29,53.63,55.87,59.20,62.63,60.40,57.08,54.80,53.19,52.11,51.45,51.17,51.17,51.54,52.55,53.68,55.49,56.98,59.65,61.63,61.33,60.69,59.32,57.96,57.21,57.62,57.48,58.29,57.98,58.24,58.20,58.40,57.35,57.70,57.34,57.94,59.55,61.86,62.02,64.56,63.87,61.54,59.56
94.00,46.96,41.45,40.58,40.82,39.07,38.75,39.38,41.79,43.91,45.74,62.58,50.82,48.85,47.89,47.25,43.80,42.97,41.41,41.53,41.01,40.73,42.94,47.76,48.35,48.33,46.21,45.72,47.36,49.31,53.28,56.12,54.31,48.95,44.11,43.12,43.54,44.40,47.16,53.05,61.37,50.41,47.43,45.40,45.09,45.64,45.62,45.50,47.45,53.10,64.17,56.59,48.65,44.96,43.22,42.37,42.66,43.88,45.37,48.01,51.48,50.34,49.93,51.15,55.26,61.80,58.00,53.31,49.59,47.44,46.58,46.47,46.77,47.87,49.86,51.68,51.89,51.02,50.59,51.80,55.50,65.34,61.29,52.72,49.30,47.75,46.69,46.22,46.70,47.54,48.72,50.81,54.16,59.28,57.15,53.17,50.15,47.33,45.24,44.08,43.81,44.38,45.92,48.90,54.35,57.69,52.60,49.66,47.99,47.16,47.26,47.92,48.44,48.48,48.23,47.86,47.78,48.15,48.55,49.11,50.65,53.85,61.08,66.10,54.54,50.05,47.57,46.19,45.69,45.99,47.06,48.87,51.42,54.94,60.52,69.60,62.39,57.91,55.73,54.70,54.41,54.82,56.00,58.27,61.51,63.40,62.26,60.62,59.39,58.33,57.48,56.50,55.00,53.38,51.85,50.78,50.26,50.33,51.08,52.49,54.48,56.40,56.83,55.70,54.22,53.02,52.28,51.83,51.76,52.19,53.24,55.44,58.27,58.14,54.67,51.90,50.38,49.71,50.00,51.31,53.84,56.81,56.56,52.99,49.88,47.76,46.39,45.55,45.28,45.64,46.66,48.47,51.23,54.49,55.09,53.03,51.10,50.31,49.93,50.06,50.31,50.38,50.16,49.15,48.26,47.63,47.78,48.30,49.90,53.00,58.16,74.64,61.56,55.32,52.61,52.05,51.93,52.89,55.03,57.94,60.70,61.36,59.44,58.63,56.54,55.64,53.97,53.21,52.32,52.23,53.40,54.84,58.78,66.25,64.20,58.51,55.08,53.88,53.49,53.84,55.70,56.45,60.28,65.28,64.11,57.59,54.82,52.49,51.11,51.03,52.01,52.43,55.87,61.48,64.74,60.12,54.73,52.55,50.34,49.39,49.24,50.18,51.10,52.78,54.08,54.25,53.18,51.24,50.68,50.22,50.59,51.83,54.60,57.41,59.78,54.77,51.72,49.67,48.71,48.91,48.93,49.85,51.59,52.56,53.89,54.13,53.17,51.97,51.59,52.58,53.67,53.86,53.32,50.99,49.28,48.12,48.01,47.97,48.92,49.78,50.92,52.55,55.65,58.86,62.02,60.88,60.40,57.45,53.70,53.39,52.89,52.96,53.17,52.54,52.87,55.06,57.27,59.94,65.08,72.78,73.48,69.14,62.87,59.77,60.75,58.67,58.34,57.35,57.56,57.56,58.87,57.39,57.72,57.68,58.19,63.41,62.42,67.88,67.35,61.41,59.50,57.33
96.00,47.24,44.27,41.11,41.08,44.83,44.94,41.97,41.48,45.08,46.71,46.92,49.31,44.34,42.54,43.63,49.79,52.57,47.85,45.73,47.58,47.88,45.92,49.01,55.44,46.38,43.12,41.80,42.40,44.65,46.58,47.41,46.86,47.64,52.29,48.03,44.92,45.05,47.07,51.10,54.38,52.48,50.35,50.34,51.30,52.96,51.49,47.39,45.74,47.40,51.42,49.62,47.23,45.74,44.48,43.72,43.42,44.30,46.40,48.06,48.95,48.21,45.62,44.40,44.80,47.30,51.71,54.11,54.46,56.45,57.25,55.97,55.16,54.81,54.74,55.23,56.06,56.16,54.82,54.09,55.64,59.03,56.21,51.99,49.63,49.18,49.90,49.93,49.03,48.52,47.93,47.48,47.18,47.29,47.48,47.15,47.15,47.74,48.36,47.23,45.98,45.81,47.02,49.39,53.72,58.55,54.44,51.48,50.44,51.41,52.20,53.52,54.65,53.35,50.75,48.91,48.29,47.67,47.75,47.41,46.62,46.82,47.74,49.47,50.88,51.10,49.78,48.80,48.09,48.06,48.70,50.20,53.44,56.97,58.42,58.46,57.84,55.93,54.46,53.27,52.78,52.88,54.23,55.95,57.09,58.35,55.91,54.09,52.22,51.64,52.32,54.01,53.84,57.07,59.27,60.49,64.89,70.67,61.59,59.56,58.47,53.99,53.35,52.19,52.64,53.69,52.70,52.95,53.70,53.22,52.48,52.54,54.50,53.73,54.59,52.84,50.75,50.04,50.40,52.56,53.50,58.23,56.66,57.86,54.62,53.82,52.78,50.44,49.98,49.59,49.91,49.33,49.41,49.50,48.99,48.09,46.47,46.34,47.14,47.09,48.47,49.91,52.12,51.74,52.36,51.24,50.65,50.24,51.33,54.03,54.83,57.62,65.92,61.09,59.99,58.99,56.77,57.80,61.44,65.01,63.68,74.28,65.34,69.30,65.46,63.75,57.42,58.34,57.08,55.18,54.09,55.09,54.59,53.68,53.76,52.67,52.38,50.96,51.14,52.94,54.98,53.64,53.50,53.87,56.57,58.91,65.62,65.79,77.47,61.23,66.11,65.31,61.19,58.37,59.31,59.43,57.32,56.28,53.13,52.22,52.35,54.40,55.89,56.35,55.57,53.58,54.47,51.97,50.47,50.48,51.65,51.40,51.75,54.22,56.19,55.31,54.09,52.95,52.41,53.43,55.00,56.19,58.57,58.46,55.71,56.94,56.32,52.84,51.90,51.28,51.26,53.49,54.98,51.28,50.73,50.44,49.94,49.39,51.22,50.62,50.79,50.21,50.30,51.34,51.57,51.28,52.37,51.80,51.20,51.92,53.02,53.43,55.38,56.02,55.47,56.33,57.77,63.78,66.19,61.39,59.66,67.53,69.78,78.40,80.28,69.65,68.66,65.22,72.71,70.22,76.51,76.87,73.25,72.62,70.52,70.13,67.09,65.20,63.81,61.44,59.49,58.68
98.00,41.85,43.39,47.97,49.30,53.94,59.10,48.36,43.91,43.09,42.28,41.16,41.88,43.23,43.72,43.85,44.49,47.63,51.53,59.82,60.77,52.25,47.12,45.50,46.41,46.31,45.23,44.32,43.16,42.72,42.82,42.50,43.65,43.25,44.12,47.09,51.79,55.06,61.00,61.89,58.85,57.79,58.34,56.59,53.78,48.79,48.75,45.96,44.20,43.37,43.92,44.14,44.80,46.10,49.81,51.29,52.20,48.86,47.37,46.33,46.10,46.19,47.18,45.91,45.16,44.99,45.08,46.46,46.48,49.49,48.39,50.09,52.51,53.04,55.60,54.12,57.77,58.78,57.53,59.68,59.46,64.06,59.33,67.86,60.50,53.67,54.32,52.24,48.48,47.22,46.03,44.93,44.45,44.43,44.68,45.28,45.21,47.86,48.28,51.09,56.94,56.05,55.37,50.48,51.25,51.73,53.85,57.04,53.63,59.82,60.43,70.16,57.67,54.79,54.70,51.28,52.59,48.56,47.75,49.17,47.01,45.34,44.75,44.91,45.27,46.82,48.04,49.43,53.84,60.08,62.87,61.26,60.03,58.57,56.30,55.97,54.22,55.89,54.13,59.28,59.74,57.51,56.33,56.37,54.43,55.96,56.11,54.33,52.27,50.51,51.40,52.08,50.37,50.91,49.75,48.97,49.03,49.35,48.39,50.05,52.69,52.48,56.35,54.36,56.73,56.79,57.26,57.01,58.16,54.53,54.48,50.92,52.68,51.29,51.94,55.47,54.02,54.88,58.07,59.32,55.92,60.00,55.46,59.05,66.20,58.11,66.28,70.75,57.66,52.18,51.34,49.13,47.07,47.19,47.61,47.42,47.54,47.35,49.18,48.43,49.94,52.10,54.63,55.36,59.23,58.68,55.36,56.49,54.73,58.03,54.52,53.26,55.63,54.39,56.84,56.34,57.94,66.31,71.17,64.72,71.02,62.15,64.98,85.16,63.64,63.23,58.20,59.42,56.44,53.51,52.98,53.23,50.48,50.09,51.34,52.50,54.53,53.52,53.07,55.24,57.17,54.28,52.50,52.37,53.37,52.44,54.97,55.38,56.20,55.96,56.96,54.73,53.21,52.89,54.22,55.71,56.41,58.45,59.86,63.15,65.73,60.89,59.21,56.14,56.90,53.57,55.93,55.38,53.85,56.57,56.40,53.29,52.49,54.38,55.11,53.06,52.96,56.71,60.77,69.06,66.55,64.70,62.41,60.98,56.72,60.12,65.25,55.53,54.90,53.13,52.55,53.10,54.63,52.99,55.41,56.64,55.88,53.27,54.64,51.65,51.16,50.22,49.82,50.10,50.06,49.34,50.05,49.67,50.40,50.90,52.47,53.70,55.28,58.85,62.94,66.03,61.91,72.99,71.09,62.63,59.54,60.49,59.65,60.75,62.11,60.90,63.91,59.22,58.44,58.75,58.37,59.21,61.71,58.04,59.05,63.14,71.92,64.73,66.58,70.18,66.13,65.45
